"tier","category","dataset","source","version","license","redistribution","n","n_raw","p","p_approx","p_raw","treatment","n_outcomes","response_types","binary_only","has_survival","primary_outcome","primary_outcome_type","primary_outcome_censoring","secondary_outcome","secondary_outcome_type","secondary_outcome_censoring","tertiary_outcome","tertiary_outcome_type","tertiary_outcome_censoring","outcome_4_outcome","outcome_4_outcome_type","outcome_4_outcome_censoring","outcome_5_outcome","outcome_5_outcome_type","outcome_5_outcome_censoring","outcome_6_outcome","outcome_6_outcome_type","outcome_6_outcome_censoring","outcome_7_outcome","outcome_7_outcome_type","outcome_7_outcome_censoring","outcome_8_outcome","outcome_8_outcome_type","outcome_8_outcome_censoring","outcome_9_outcome","outcome_9_outcome_type","outcome_9_outcome_censoring","outcome_10_outcome","outcome_10_outcome_type","outcome_10_outcome_censoring","outcome_11_outcome","outcome_11_outcome_type","outcome_11_outcome_censoring","outcome_12_outcome","outcome_12_outcome_type","outcome_12_outcome_censoring","outcome_13_outcome","outcome_13_outcome_type","outcome_13_outcome_censoring","outcome_14_outcome","outcome_14_outcome_type","outcome_14_outcome_censoring","censoring_raw","response_variable_raw","response_type_raw","design_status","design","description","cluster_column","cluster_groups"
"Core","Medicine","veteran","CRAN: survival","3.8-6","LGPL (>= 2)","yes",137,"137",5,FALSE,"5","trt",1,"survival",FALSE,TRUE,"time/status","survival","right",,,,,,,,,,,,,,,,,,,,,,,,,,,,,,,,,,,,,,,,"right (assumed; standard administrative/loss-to-follow-up censoring for an RCT time-to-event endpoint unless the trial is documented otherwise -- not individually re-verified per trial in this pass)","time/status","survival","unknown","Unknown; arms 69/68 ≈ equal → assumed BCRD","VA Lung Cancer trial","",
"Core","Medicine","ovarian","CRAN: survival","3.8-6","LGPL (>= 2)","yes",26,"26",3,FALSE,"3","rx",1,"survival",FALSE,TRUE,"futime/fustat","survival","right",,,,,,,,,,,,,,,,,,,,,,,,,,,,,,,,,,,,,,,,"right (assumed; standard administrative/loss-to-follow-up censoring for an RCT time-to-event endpoint unless the trial is documented otherwise -- not individually re-verified per trial in this pass)","futime/fustat","survival","unknown","Unknown; arms 13/13 exact → assumed BCRD","ovarian cancer trial","",
"Core","Medicine","colon","CRAN: survival","3.8-6","LGPL (>= 2)","yes",1858,"1,858",10,FALSE,"10","rx",2,"survival;incidence",FALSE,TRUE,"time/status","survival","right","status","incidence","n/a",,,,,,,,,,,,,,,,,,,,,,,,,,,,,,,,,,,,,"right (assumed; standard administrative/loss-to-follow-up censoring for an RCT time-to-event endpoint unless the trial is documented otherwise -- not individually re-verified per trial in this pass)","time/status (two endpoints per patient, selected by etype: 1 = recurrence, 2 = death); status","survival + incidence","unknown","Unknown; 3 arms 315/310/304 ≈ equal → assumed BCRD","colon cancer adjuvant chemo trial; recurrence gives an incidence endpoint alongside death","id",929
"Core","Medicine","pbc","CRAN: survival","3.8-6","LGPL (>= 2)","yes",418,"418",16,FALSE,"16","trt",1,"survival",FALSE,TRUE,"time/status","survival","right",,,,,,,,,,,,,,,,,,,,,,,,,,,,,,,,,,,,,,,,"right (assumed; standard administrative/loss-to-follow-up censoring for an RCT time-to-event endpoint unless the trial is documented otherwise -- not individually re-verified per trial in this pass)","time/status","survival","unknown","Unknown; arms 158/154 ≈ equal → assumed BCRD","Mayo Clinic D-penicillamine trial for primary biliary cirrhosis","",
"Core","Medicine","respdis","CRAN: geepack","1.3.13","GPL (>= 3)","yes",111,"111",0,FALSE,"0","trt",4,"ordinal",FALSE,FALSE,"y1","ordinal","n/a","y2","ordinal","n/a","y3","ordinal","n/a","y4","ordinal","n/a",,,,,,,,,,,,,,,,,,,,,,,,,,,,,,,"n/a","y1, y2, y3, y4 (rating at 4 visits)","ordinal (3-level)","unknown","Unknown; arms 57/54 ≈ equal → assumed BCRD","randomized respiratory-disorder trial (poor/good/excellent), no baseline covariates recorded","",
"Core","Medicine","respiratory","CRAN: geepack","1.3.13","GPL (>= 3)","yes",111,"111 (444 obs)",4,TRUE,"~4","treat",1,"incidence",TRUE,FALSE,"outcome","incidence","n/a",,,,,,,,,,,,,,,,,,,,,,,,,,,,,,,,,,,,,,,,"n/a","outcome","incidence","unknown","Unknown, possibly stratified by clinical center (data carries a center field); arms 27/29 ≈ equal → assumed BCRD","same respiratory trial family, binary good/poor version","center",2
"Core","Medicine","strep_tb","CRAN: medicaldata","0.2.0","MIT + file LICENSE","yes",107,"107",6,FALSE,"6","arm",2,"ordinal;incidence",FALSE,FALSE,"rad_num","ordinal","n/a","improved","incidence","n/a",,,,,,,,,,,,,,,,,,,,,,,,,,,,,,,,,,,,,"n/a","rad_num (numeric coding of radiologic_6m); improved","ordinal (6-level) + incidence","documented","Documented: simple random allocation via sealed envelopes/random numbers (Bradford Hill design, 1948) — one of the first formally randomized trials","1948 Streptomycin-for-TB trial, one of the first modern RCTs","",
"Core","Medicine","licorice_gargle","CRAN: medicaldata","0.2.0","MIT + file LICENSE","yes",235,"235",8,FALSE,"8","treat",10,"ordinal",FALSE,FALSE,"extubation_cough","ordinal","n/a","pacu30min_cough","ordinal","n/a","pacu90min_cough","ordinal","n/a","postOp4hour_cough","ordinal","n/a","pod1am_cough","ordinal","n/a","pacu30min_throatPain","ordinal","n/a","pacu90min_throatPain","ordinal","n/a","postOp4hour_throatPain","ordinal","n/a","pod1am_throatPain","ordinal","n/a","pacu30min_swallowPain","ordinal","n/a",,,,,,,,,,,,,"n/a","extubation_cough, pacu30min_cough, pacu90min_cough, postOp4hour_cough, pod1am_cough, pacu30min_throatPain, pacu90min_throatPain, postOp4hour_throatPain, pod1am_throatPain, pacu30min_swallowPain (cough 0–2 or 0–3 at 5 timepoints; throat and swallowing pain on 0–10 scales)","ordinal","unknown","Unknown; arms 117/118 ≈ equal → assumed BCRD","licorice gargle before intubation, repeated cough/pain severity measures","",
"Core","Medicine","polyps","CRAN: medicaldata","0.2.0","MIT + file LICENSE","yes",22,"22",3,FALSE,"3","treatment",2,"count",FALSE,FALSE,"number3m","count","n/a","number12m","count","n/a",,,,,,,,,,,,,,,,,,,,,,,,,,,,,,,,,,,,,"n/a","number3m, number12m (polyp counts at 3 and 12 months; baseline is the pre-treatment count)","count","unknown","Unknown; arms 11/11 exact → assumed BCRD","Sulindac-for-polyp-prevention trial","",
"Core","Medicine","indo_rct","CRAN: medicaldata","0.2.0","MIT + file LICENSE","yes",602,"602",27,TRUE,"~27","rx",1,"incidence",TRUE,FALSE,"outcome","incidence","n/a",,,,,,,,,,,,,,,,,,,,,,,,,,,,,,,,,,,,,,,,"n/a","outcome","incidence","unknown","Unknown; arms 307/295 ≈ equal → assumed BCRD","indomethacin trial for post-ERCP pancreatitis prevention","site",4
"Core","Medicine","laryngoscope","CRAN: medicaldata","0.2.0","MIT + file LICENSE","yes",99,"99",5,FALSE,"5","Randomization",4,"incidence;continuous;count",FALSE,FALSE,"intubation_overall_S_F","incidence","n/a","total_intubation_time","continuous","n/a","attempts","count","n/a","failures","count","n/a",,,,,,,,,,,,,,,,,,,,,,,,,,,,,,,"n/a","intubation_overall_S_F; total_intubation_time; attempts, failures","incidence + continuous + count","unknown","Unknown; arms 49/50 ≈ equal → assumed BCRD","video vs. standard laryngoscope trial — one real RCT yielding all three response types at once","",
"Core","Economics","lalonde.exp","CRAN: qte","2.0.0","GPL-3","yes",445,"445",10,FALSE,"10","treat",1,"continuous",FALSE,FALSE,"re78","continuous","n/a",,,,,,,,,,,,,,,,,,,,,,,,,,,,,,,,,,,,,,,,"n/a","re78","continuous","unknown","Unknown; arms 260/185 unequal → assumed Bernoulli","LaLonde (1986) NSW job-training experiment, real earnings outcome","",
"Core","Education","STAR","CRAN: AER","1.2-17","GPL-2 | GPL-3","yes",11598,"11,598",31,TRUE,"~31 (panel, K–3)","stark (kindergarten-entry class-type assignment)",8,"continuous",FALSE,FALSE,"readk","continuous","n/a","read1","continuous","n/a","read2","continuous","n/a","read3","continuous","n/a","mathk","continuous","n/a","math1","continuous","n/a","math2","continuous","n/a","math3","continuous","n/a",,,,,,,,,,,,,,,,,,,"n/a","readk, read1, read2, read3, mathk, math1, math2, math3 (reading and math scores, kindergarten to grade 3)","continuous","documented","Documented: randomized within-school (blocked by school, not a pooled draw) — 3 arms 2194/1900/2231, unequal overall but explained by the blocking","Tennessee Project STAR class-size experiment, achievement test scores","",
"Core","Economics","ResumeNames","CRAN: AER","1.2-17","GPL-2 | GPL-3","yes",4870,"4,870",20,TRUE,"~20","ethnicity",1,"incidence",TRUE,FALSE,"call","incidence","n/a",,,,,,,,,,,,,,,,,,,,,,,,,,,,,,,,,,,,,,,,"n/a","call","incidence","unknown","Unknown (resume-level name randomization, not checked this session for exact race/gender balance); tentatively assumed BCRD given the study's stated intent to balance names","Bertrand & Mullainathan (2004) hiring-discrimination field experiment — sociology/labor economics domain","",
"Core","Economics","mm_randhie","CRAN: stevedata","1.8.0","GPL-2","no: GPL-2 only",3957,"3,957 (baseline)",10,FALSE,"10","plantype",5,"count;continuous",FALSE,FALSE,"ftf","count","n/a","totadm","count","n/a","out_inf","continuous","n/a","inpdol_inf","continuous","n/a","tot_inf","continuous","n/a",,,,,,,,,,,,,,,,,,,,,,,,,,,,"n/a","ftf, totadm; out_inf, inpdol_inf, tot_inf","count + continuous","documented","Documented: intentional unequal-probability assignment across plans (759/881/1022/1295), stratified by income/family size to balance cost against power","RAND Health Insurance Experiment; visit/admission counts + expenditures","",
"Core","Medicine","diabetic","CRAN: survival","3.8-6","LGPL (>= 2)","yes",394,"394",3,FALSE,"3","trt",1,"survival",FALSE,TRUE,"time/status","survival","right",,,,,,,,,,,,,,,,,,,,,,,,,,,,,,,,,,,,,,,,"right (assumed; standard administrative/loss-to-follow-up censoring for an RCT time-to-event endpoint unless the trial is documented otherwise -- not individually re-verified per trial in this pass)","time/status","survival","documented","Documented: within-subject paired randomization — one eye per patient randomized to laser, the other control; not a between-subject BCRD/Bernoulli case at all","Diabetic Retinopathy Study","id",197
"Core","Medicine","bladder1","CRAN: survival","3.8-6","LGPL (>= 2)","yes",294,"294",6,TRUE,"~6","treatment",2,"count;survival",FALSE,TRUE,"recur","count","n/a","start/stop/status","survival","right",,,,,,,,,,,,,,,,,,,,,,,,,,,,,,,,,,,,,"right (assumed; standard administrative/loss-to-follow-up censoring for an RCT time-to-event endpoint unless the trial is documented otherwise -- not individually re-verified per trial in this pass)","recur; start/stop/status (number is the baseline tumor count, a covariate)","count + survival","unknown","Unknown; 3 arms 48/32/38 unequal → assumed Bernoulli","Byar bladder-cancer recurrence trial (thiotepa/placebo), real recurrent-event counts","id",118
"Core","Medicine","rhDNase","CRAN: survival","3.8-6","LGPL (>= 2)","yes",767,"767",3,TRUE,"~3","trt",1,"survival",FALSE,TRUE,"ivstart/ivstop","survival","right",,,,,,,,,,,,,,,,,,,,,,,,,,,,,,,,,,,,,,,,"right (assumed; standard administrative/loss-to-follow-up censoring for an RCT time-to-event endpoint unless the trial is documented otherwise -- not individually re-verified per trial in this pass)","ivstart/ivstop (exacerbation intervals; fev is lung function at enrollment, a covariate)","survival","unknown","Unknown; arms 325/322 ≈ equal → assumed BCRD","Pulmozyme cystic-fibrosis trial; lung function (continuous) + exacerbation timing","inst",51
"Core","Medicine","cgd","CRAN: survival","3.8-6","LGPL (>= 2)","yes",203,"203",9,TRUE,"~9","treat",1,"survival",FALSE,TRUE,"tstart/tstop/status","survival","right",,,,,,,,,,,,,,,,,,,,,,,,,,,,,,,,,,,,,,,,"right (assumed; standard administrative/loss-to-follow-up censoring for an RCT time-to-event endpoint unless the trial is documented otherwise -- not individually re-verified per trial in this pass)","tstart/tstop/status","survival","documented","Documented: stratified by clinical center, permuted-block randomization within center (International CGD Cooperative Study); arms 65/63","International CGD Cooperative Study (gamma interferon), recurrent infection timing","center",13
"Core","Medicine","udca","CRAN: survival","3.8-6","LGPL (>= 2)","yes",170,"170",3,TRUE,"~3","trt",7,"survival",FALSE,TRUE,"death.dt","survival","right","tx.dt","survival","right","hprogress.dt","survival","right","varices.dt","survival","right","ascites.dt","survival","right","enceph.dt","survival","right","double.dt","survival","right",,,,,,,,,,,,,,,,,,,,,,"right (assumed; standard administrative/loss-to-follow-up censoring for an RCT time-to-event endpoint unless the trial is documented otherwise -- not individually re-verified per trial in this pass)","death.dt, tx.dt, hprogress.dt, varices.dt, ascites.dt, enceph.dt, double.dt (event dates; time runs from entry.dt, censored at last.dt)","survival","unknown","Unknown; arms 84/86 ≈ equal → assumed BCRD","ursodeoxycholic acid trial for liver disease — multiple distinct real endpoints (death/transplant/histologic progression/varices/ascites/encephalopathy)","",
"Core","Engineering","solder","CRAN: survival","3.8-6","LGPL (>= 2)","yes",900,"900",4,FALSE,"4 factors","N/A -- 4-factor DOE (Opening/Solder/Mask/PadType/Panel)",1,"count",FALSE,FALSE,"skips","count","n/a",,,,,,,,,,,,,,,,,,,,,,,,,,,,,,,,,,,,,,,,"n/a","skips","count (skips)","not_two_arm","N/A — multi-factor factorial DOE, not a 2-arm design; doesn't fit the BCRD/Bernoulli framework","real industrial DOE for solder-skip defects — manufacturing/engineering domain","",
"Core","Economics","charitable","GitHub: itamarcaspi/experimentdatar","commit f71a9d0","CC0","yes",50083,"50,083",51,TRUE,"~51","treatment",2,"continuous;incidence",FALSE,FALSE,"out_amountgive","continuous","n/a","out_gavedum","incidence","n/a",,,,,,,,,,,,,,,,,,,,,,,,,,,,,,,,,,,,,"n/a","out_amountgive; out_gavedum","continuous + incidence","documented","Documented: 1/3 control, 2/3 treatment (16687/33396), intentionally unequal per Karlan & List (2007)","Karlan & List (2007) charitable-giving matching-grant field experiment","",
"Core","Political Science","mobilization","GitHub: itamarcaspi/experimentdatar","commit f71a9d0","CC0","yes",2474927,"2,474,927",20,TRUE,"~20","treatment",1,"incidence",TRUE,FALSE,"vote02","incidence","n/a",,,,,,,,,,,,,,,,,,,,,,,,,,,,,,,,,,,,,,,,"n/a","vote02","incidence","documented","Documented: budget-constrained, small treatment fraction by design (large voter-file field experiment; treated arms 29990/29982 are tiny relative to the 1.8M+ control pool)","Arceneaux/Gerber/Green voter mobilization experiment","",
"Core","Political Science","social","GitHub: itamarcaspi/experimentdatar","commit f71a9d0","CC0","yes",180002,"180,002",63,TRUE,"~63 (census-tract merge)","treatment_dum",1,"incidence",TRUE,FALSE,"outcome_voted","incidence","n/a",,,,,,,,,,,,,,,,,,,,,,,,,,,,,,,,,,,,,,,,"n/a","outcome_voted","incidence","documented","Documented: originally 5 groups (control + 4 treatment conditions — civic duty/Hawthorne/self/neighbors); the 99999/80003 split shown here is the pooled treatment-vs-control dummy, not the per-arm design","Gerber/Green/Larson (2008) social-pressure voter-turnout experiment","",
"Core","Political Science","secrecy","GitHub: itamarcaspi/experimentdatar","commit f71a9d0","CC0","yes",3744,"3,744",19,TRUE,"~19","anysecrecytreatment",4,"count;incidence",FALSE,FALSE,"turnoutindex_12","count","n/a","v_pres_primary_12","incidence","n/a","v_cong_primary_12","incidence","n/a","v_pres_general_12","incidence","n/a",,,,,,,,,,,,,,,,,,,,,,,,,,,,,,,"n/a","turnoutindex_12; v_pres_primary_12, v_cong_primary_12, v_pres_general_12 (v_cong_general_10 is a pre-treatment covariate, not an outcome)","count + incidence","unknown","Unknown; arms 1289/2455 unequal → assumed Bernoulli","ballot-secrecy mobilization experiment","",
"Core","Education","vouchers","GitHub: itamarcaspi/experimentdatar","commit f71a9d0","CC0","yes",25330,"25,330",70,TRUE,"~70 (many fixed-effect dummies)","VOUCH0",6,"incidence;count",FALSE,FALSE,"INSCHL","incidence","n/a","FINISH6","incidence","n/a","FINISH7","incidence","n/a","FINISH8","incidence","n/a","REPT","incidence","n/a","TOTSCYRS","count","n/a",,,,,,,,,,,,,,,,,,,,,,,,,"n/a","INSCHL, FINISH6, FINISH7, FINISH8, REPT; TOTSCYRS","incidence + count","documented","Documented: oversubscribed lottery among program applicants (PACES, Colombia) — voucher availability was budget-limited, not an equal-probability design (7149/18180)","Angrist et al. (2002) Colombia private-schooling voucher lottery","",
"Core","Sociology","welfare","GitHub: itamarcaspi/experimentdatar","commit f71a9d0","CC0","yes",36501,"36,501",209,TRUE,"~209 (GSS-derived)","w",1,"incidence",TRUE,FALSE,"y","incidence","n/a",,,,,,,,,,,,,,,,,,,,,,,,,,,,,,,,,,,,,,,,"n/a","y","incidence","documented","Documented: GSS split-ballot design — standard survey-methodology simple random assignment (17048/19453)","Green & Kern (2012) GSS survey-wording experiment (""welfare"" vs. ""assistance to the poor"")","",
"Core","Education","monitoring_works","Dataverse: doi:10.7910/DVN/LRDXHX (openICPSR)","v3.3","CC0 1.0","yes",2896,"2,896 children in 107 schools (53 treated / 54 comparison) in the joined file; 113 schools (57/56) in the paper's analyzed sample",15,FALSE,"15 (school-level, pre-treatment: 8 pretest columns and 7 baseline random-check summaries)","treatment (school membership in TreatmentSchools.tab, the 60 originally assigned schools)",12,"proportion;continuous",FALSE,FALSE,"n_teacher_present_program/n_checks_program","proportion","n/a","n_open_program/n_checks_program","proportion","n/a","n_teacher_teaching_program/n_checks_program","proportion","n/a","n_blackboard_written_program/n_checks_program","proportion","n/a","n_second_teacher_program/n_checks_program","proportion","n/a","post_math_v","continuous","n/a","post_lang_v","continuous","n/a","post_total_v","continuous","n/a","post_math_w","continuous","n/a","post_lang_w","continuous","n/a","post_total_w","continuous","n/a","children_present_mean_program","continuous","n/a",,,,,,,"n/a","n_teacher_present_program/n_checks_program, n_open_program/n_checks_program, n_teacher_teaching_program/n_checks_program, n_blackboard_written_program/n_checks_program, n_second_teacher_program/n_checks_program (school-level rates over unannounced random checks from the September 2003 program start, repeated on each child's row); post_math_v, post_lang_v, post_total_v, post_math_w, post_lang_w, post_total_w (child post-test scores; written scores only where took_written_test = 1), children_present_mean_program (school-level)","proportion (school-level random-check rates) + continuous (child post-test scores; school mean children present)","documented","Documented (verified against the study's own paper, Duflo & Hanna 2006 p.5): 60 of 120 eligible schools randomly selected as treatment, remainder as comparison — simple random allocation, not matched pairs. 57/56 reflects the final analyzed sample after some attrition from the original 60/60 design. (Correction: an earlier version of this note incorrectly claimed baseline-matched-pair randomization — not supported by the paper.)","Duflo & Hanna (2006), later published as Duflo, Hanna & Ryan (2012) — camera-monitoring vs. control for teacher attendance, one-teacher schools, India. Fetched via the Dataverse guestbook API, not the ICPSR OAuth flow. The deposit's tables are joined to one row per post-tested child by combine_monitoring_works() in download_experimental_datasets.R; school-level columns (pretest means, random-check summaries, treated-only camera valid days, months closed) repeat across a school's children, and randomization is by school. Child pretest and posttest records cannot be linked (childno was reassigned between tests).","",
"Core","Economics","savings","Dataverse: doi:10.7910/DVN/UJD5OP (IPA); file analysis_dataallcountries.tab","v1.0","CC0 1.0","yes",13560,"13,560",50,TRUE,"~50","N/A -- multi-factor (incentive type x framing x reminder)",2,"continuous;incidence",FALSE,FALSE,"quant_saved","continuous","n/a","saved_formal","incidence","n/a",,,,,,,,,,,,,,,,,,,,,,,,,,,,,,,,,,,,,"n/a","quant_saved; saved_formal","continuous + incidence","not_two_arm","N/A — multi-factor (incentive type × framing × reminder), not a simple 2-arm design","Karlan et al., ""Getting to the Top of Mind"" — reminder-message savings field experiment, multiple countries","",
"Core","Political Science","immig","Dataverse: doi:10.7910/DVN/DDCNEW; file analysis.dta","v1.2","CC0 1.0","yes",23836,"23,836",800,TRUE,"~800 (wide, census-merged)","treatment (actualtreatment for compliance-adjusted analysis)",5,"incidence",TRUE,FALSE,"registered","incidence","n/a","vote2010_1st","incidence","n/a","vote2010_2nd","incidence","n/a","vote2011_1st","incidence","n/a","vote2011_2nd","incidence","n/a",,,,,,,,,,,,,,,,,,,,,,,,,,,,"n/a","registered, vote2010_1st, vote2010_2nd, vote2011_1st, vote2011_2nd","incidence","documented","Documented: stratified and clustered — data carries explicit cluster/stratum fields; not simple Bernoulli/BCRD","GOTV field experiment on immigrant electoral participation, France","",
"Core","Public Health","hiv","Dataverse: doi:10.7910/DVN/CVOPZL; file Phase2_sample_list.dta","v2.0","CC0 1.0","yes",10636,"10,636",10,TRUE,"~10","Utreat/HIVtreat (2-factor: VCT arm x condom-distribution arm)",0,"incidence",TRUE,FALSE,,,,,,,,,,,,,,,,,,,,,,,,,,,,,,,,,,,,,,,,,,,"n/a","not in the loaded files (biomarker outcomes live in the not-yet-loaded bio_*.dta files; Phase2_sample_list.dta has only sampling flags)","incidence (+ biomarker-derived measures in larger, not-yet-loaded files)","documented","Documented: stratified with sampling weights — data carries explicit strata_ITsampling/weight_sample fields; unequal-probability by design","HIV prevention RCT (VCT + condom distribution), rural Kenya","",
"Core","Public Health","sanitation","Dataverse: doi:10.7910/DVN/GJDUTV (IPA); file BD-SAN-FINAL.dta","v2.3","CC0 1.0","yes",18254,"18,254 households",40,TRUE,"~40","treat_cat_1-5",5,"incidence;proportion",FALSE,FALSE,"r4_any_own","incidence","n/a","r4_any_access","incidence","n/a","r4_any_od_adults","proportion","n/a","r4_any_od_male","proportion","n/a","r4_any_od_female","proportion","n/a",,,,,,,,,,,,,,,,,,,,,,,,,,,,"n/a","r4_any_own, r4_any_access; r4_any_od_adults, r4_any_od_male, r4_any_od_female (household 0/1 indicators; the proportion is their cluster-level rate)","incidence (latrine ownership/access) + derivable proportion (cluster-level open-defecation rate)","documented","Documented: cluster-randomized at the village level (vid/cid cluster fields), 5-category multi-arm design (treat_cat_1–5, likely crossing supply-/demand-side interventions) — not a simple 2-arm case","Guiteras, Levinsohn & Mobarak — sanitation-investment cluster-RCT, Bangladesh","",
"Expanded","Education","student_test_data","Dataverse: doi:10.7910/DVN/LWFH9U (J-PAL)","v2.3","CC0 1.0","yes",7022,"7,022 (121 schools)",10,TRUE,"~10","tracking",1,"continuous",FALSE,FALSE,"std_mark","continuous","n/a",,,,,,,,,,,,,,,,,,,,,,,,,,,,,,,,,,,,,,,,"n/a","std_mark","continuous","documented","Documented: school-level randomization to ""tracking"" (streaming by initial achievement) vs. no tracking (Duflo, Dupas & Kremer 2011) — schools 3,409 non-tracked/3,613 tracked pupil-obs, close to balanced → consistent with BCRD at the school level; a second, independently randomized arm (etpteacher, contract-teacher assignment) is also balanced (3,537/3,485)","Duflo, Dupas & Kremer (2011) Kenya primary-school tracking and teacher-incentive experiment — standardized test scores, education domain","",
"Expanded","Environmental Science","PES_analysis_science","Dataverse: doi:10.7910/DVN/MGMDYN (J-PAL)","v4.0","CC0 1.0","yes",1174,"1,174 households (121 villages)",11,TRUE,"~11","treat",1,"continuous",FALSE,FALSE,"change_fcover_act","continuous","n/a",,,,,,,,,,,,,,,,,,,,,,,,,,,,,,,,,,,,,,,,"n/a","change_fcover_act","continuous","unknown","Unknown exact randomization unit from the fields pulled this session (no explicit cluster-ID beyond village); household-level treat is closely balanced (585/589) → assumed BCRD, consistent with the published village-clustered PES design (Jayachandran et al. 2017)","Jayachandran, de Laat, Jakob, Thomas & Wibbels (2017) *Science* — Payments-for-Ecosystem-Services (PES) conservation contracts vs. control, satellite-measured forest-cover change, Uganda; environmental-economics domain, no prior domain overlap in this table","",
"Expanded","Public Health","ghana_bednet","Dataverse: doi:10.7910/DVN/YXMQZM (Hayes & Moulton *Cluster Randomised Trials*)","v3.0","CC0 1.0","yes",26342,"26,342 (96 clusters)",3,TRUE,"~3","bednet",2,"incidence;survival",FALSE,TRUE,"outcome","incidence","n/a","follyr/outcome","survival","right",,,,,,,,,,,,,,,,,,,,,,,,,,,,,,,,,,,,,"right (assumed; standard administrative/loss-to-follow-up censoring for an RCT time-to-event endpoint unless the trial is documented otherwise -- not individually re-verified per trial in this pass)","outcome; follyr/outcome","incidence + survival","documented","Documented: cluster-randomized, 96 clusters, 48/48 exactly balanced","Ghana insecticide-treated-bednet trial — child mortality, malaria/public-health domain","",
"Expanded","Medicine","laviiswa","Dataverse: doi:10.7910/DVN/YXMQZM (Hayes & Moulton *Cluster Randomised Trials*)","v3.0","CC0 1.0","yes",680,"680",2,TRUE,"~2","trialarm",1,"ordinal",FALSE,FALSE,"lsizel","ordinal","n/a",,,,,,,,,,,,,,,,,,,,,,,,,,,,,,,,,,,,,,,,"n/a","lsizel","ordinal (3-level: 427/207/46)","documented","Documented: cluster-randomized (village-level), close to balanced (344/336 individual obs)","Lake Victoria schistosomiasis/praziquantel trial — liver-size grade; genuinely new ordinal source (our other 2 ordinal sources both come from geepack/medicaldata), parasitology domain","",
"Expanded","Public Health","mkvtrial","Dataverse: doi:10.7910/DVN/YXMQZM (Hayes & Moulton *Cluster Randomised Trials*)","v3.0","CC0 1.0","yes",4100,"4,100 (20 communities)",4,TRUE,"~4","arm",1,"incidence",TRUE,FALSE,"know","incidence","n/a",,,,,,,,,,,,,,,,,,,,,,,,,,,,,,,,,,,,,,,,"n/a","know","incidence","documented","Documented: community-randomized, stratified by 3 strata, balanced (2,024/2,076)","Adolescent-health/HIV-knowledge community trial (Mwanza region)","",
"Expanded","Public Health","mwanza_stdtrial","Dataverse: doi:10.7910/DVN/YXMQZM (Hayes & Moulton *Cluster Randomised Trials*)","v3.0","CC0 1.0","yes",8549,"8,549 (12 communities)",3,TRUE,"~3","arm",1,"incidence",TRUE,FALSE,"hiv","incidence","n/a",,,,,,,,,,,,,,,,,,,,,,,,,,,,,,,,,,,,,,,,"n/a","hiv","incidence","documented","Documented: matched-pair community randomization, 6 pairs/12 communities, balanced (4,400/4,149)","Mwanza STD-treatment HIV-prevention trial — seroconversion; the companion mwanza_stdtrial_community.tab (n=12, community-level baseline HIV prevalence only, no outcome field) was evaluated and excluded — pure baseline/matching covariates, not a usable response","",
"Expanded","Public Health","pneumovac","Dataverse: doi:10.7910/DVN/YXMQZM (Hayes & Moulton *Cluster Randomised Trials*)","v3.0","CC0 1.0","yes",449,"449 (36 clusters)",0,FALSE,"0","spnvac",1,"count",FALSE,FALSE,"bpepisodes","count","n/a",,,,,,,,,,,,,,,,,,,,,,,,,,,,,,,,,,,,,,,,"n/a","bpepisodes","count (0–3)","documented","Documented: cluster-randomized, 36 clusters, 18/18 exactly balanced","Gambia pneumococcal-vaccine trial — bacterial pneumonia episode counts","",
"Expanded","Public Health","share","Dataverse: doi:10.7910/DVN/YXMQZM (Hayes & Moulton *Cluster Randomised Trials*)","v3.0","CC0 1.0","yes",5854,"5,854 (25 schools)",2,TRUE,"~2","arm",2,"incidence;continuous",FALSE,FALSE,"debut","incidence","n/a","kscore","continuous","n/a",,,,,,,,,,,,,,,,,,,,,,,,,,,,,,,,,,,,,"n/a","debut; kscore (range −6 to 8)","incidence + continuous","documented","Documented: school-randomized, 25 schools, balanced (2,987/2,867)","South African SHARE school sex-education trial — sexual-debut incidence + knowledge score; education/public-health domain","",
"Expanded","Public Health","thrio","Dataverse: doi:10.7910/DVN/YXMQZM (Hayes & Moulton *Cluster Randomised Trials*)","v3.0","CC0 1.0","yes",20574,"20,574 (29 units)",0,FALSE,"0","interv",1,"incidence",TRUE,FALSE,"tb","incidence","n/a",,,,,,,,,,,,,,,,,,,,,,,,,,,,,,,,,,,,,,,,"n/a","tb","incidence","documented","Documented: stepped-wedge cluster-randomized, 29 units — a design family not otherwise represented in this table","Botswana THRio TB/HIV isoniazid-preventive-therapy trial","",
"Expanded","Public Health","zamstar","Dataverse: doi:10.7910/DVN/YXMQZM (Hayes & Moulton *Cluster Randomised Trials*)","v3.0","CC0 1.0","yes",24,"24 communities (cluster-level)",2,TRUE,"~2","ecf/hh (2x2 factorial)",1,"proportion",FALSE,FALSE,"d/n","proportion","n/a",,,,,,,,,,,,,,,,,,,,,,,,,,,,,,,,,,,,,,,,"n/a","d/n (TB cases / evaluable sample)","proportion","documented","Documented: 2×2 factorial cluster-randomized (24 communities), stratified","Zambia/South Africa ZAMSTAR TB-transmission trial (enhanced case-finding × household intervention), cluster-level proportions","",
"Expanded","Economics","tanf","CRAN: whatifbandit","1.0.3","GPL (>= 3)","yes",3517,"3,517",2,TRUE,"~2","condition",1,"incidence",TRUE,FALSE,"success","incidence","n/a",,,,,,,,,,,,,,,,,,,,,,,,,,,,,,,,,,,,,,,,"n/a","success","incidence","documented","Documented: 3-arm, well-balanced (condition: no_letter 1,170 / open_appt 1,176 / specific_appt 1,171)","DC TANF-recertification reminder-letter field experiment — public-benefits/social-policy domain, found via an exhaustive CRAN-wide sweep (2026-09-15)","service_center",7
"Expanded","Medicine","gastric_cancer_trial_df","CRAN: DigestiveDataSets","0.2.0","GPL-3","unclear: coin's GPL-2-only data relabelled GPL-3",90,"90",0,FALSE,"0","group",1,"survival",FALSE,TRUE,"time/event","survival","right",,,,,,,,,,,,,,,,,,,,,,,,,,,,,,,,,,,,,,,,"right (assumed; standard administrative/loss-to-follow-up censoring for an RCT time-to-event endpoint unless the trial is documented otherwise -- not individually re-verified per trial in this pass)","time/event","survival","documented","Documented: 2-arm, exactly balanced (45/45)","Stablein gastric-cancer chemotherapy+radiation-vs-chemotherapy trial — distinct trial/cohort from the table's existing pbc/udca/veteran survival sources","",
"Expanded","Medicine","liver_cirrhosis_prednisone_df","CRAN: DigestiveDataSets","0.2.0","GPL-3","yes",488,"488 patients (2,968 counting-process rows)",0,FALSE,"0 fixed (proth is a real time-varying covariate)","Trt",1,"survival",FALSE,TRUE,"Time/death","survival","right",,,,,,,,,,,,,,,,,,,,,,,,,,,,,,,,,,,,,,,,"right (assumed; standard administrative/loss-to-follow-up censoring for an RCT time-to-event endpoint unless the trial is documented otherwise -- not individually re-verified per trial in this pass)","Time/death (also in counting-process form as start/stop/event)","survival","documented","Documented: 2-arm, balanced (237 placebo/251 prednisone)","Andersen-Gill liver-cirrhosis prednisone trial -- the table's first *time-varying-covariate* start/stop survival structure","ID",488
"Expanded","Education","WSCdata","CRAN: WSCdata","0.1.2","MIT + file LICENSE","yes",2200,"2,200",25,TRUE,"~25","mathGrp",2,"continuous",FALSE,FALSE,"mathPost","continuous","n/a","vocabPost","continuous","n/a",,,,,,,,,,,,,,,,,,,,,,,,,,,,,,,,,,,,,"n/a","mathPost, vocabPost","continuous","documented","Documented randomized arm mathGrp, balanced (1,136/1,064), within a real 4-arm within-study-comparison design (also carries a non-randomized quasi-experimental arm, mathSel, for explicit experimental-vs-quasi-experimental comparison -- use mathGrp only)","Education-psychology within-study-comparison design","",
"Expanded","Political Science","immigrationconjoint","CRAN: cjoint","2.1.3","GPL (>= 2)","yes",13960,"13,960 profile evaluations (1,396 respondents x 10)",9,FALSE,"N/A -- 9 independently randomized profile attributes","N/A -- 9 independently randomized attributes",1,"incidence",TRUE,FALSE,"Chosen_Immigrant","incidence","n/a",,,,,,,,,,,,,,,,,,,,,,,,,,,,,,,,,,,,,,,,"n/a","Chosen_Immigrant","incidence","not_two_arm","N/A -- fully randomized conjoint/factorial design (Education/Gender/Country-of-Origin/Reason-for-Application/Job/Job-Experience/Job-Plans/Prior-Entry/Language-Skills all independently randomly assigned per profile), not a simple 2-arm case -- same treatment as solder's factorial DOE; using this dataset requires picking one attribute as the focal treatment and the rest as already-realized randomized covariates, a modeling choice left to the analysis, not resolved here","Hainmueller, Hopkins & Yamamoto (2014) immigration-attitudes conjoint survey experiment -- new design family (randomized factorial/conjoint) and new domain (political science/public opinion)","",
"Expanded","Medicine","epilepsy_RCT_tbl_df","CRAN: NeuroDataSets","0.3.1","GPL (>= 2) | GPL-3","unclear: pubh's GPL-2-only data relabelled GPL (>= 2) | GPL-3",59,"59",3,TRUE,"~3","treat",4,"count",FALSE,FALSE,"y1","count","n/a","y2","count","n/a","y3","count","n/a","y4","count","n/a",,,,,,,,,,,,,,,,,,,,,,,,,,,,,,,"n/a","y1, y2, y3, y4 (seizure counts at 4 visits)","count","documented","Documented, balanced (28 Control/31 Prograbide) -- the classic Thall & Vail (1990) progabide epilepsy trial","Neurology domain, deep CRAN /data scan (2026-09-15)","",
"Expanded","Medicine","sulphinpyrazone_tbl_df","CRAN: CardioDataSets","0.2.0","GPL-3","yes",1475,"1,475",0,FALSE,"0","group",1,"incidence",TRUE,FALSE,"outcome","incidence","n/a",,,,,,,,,,,,,,,,,,,,,,,,,,,,,,,,,,,,,,,,"n/a","outcome (died/lived)","incidence","documented","Documented, balanced (742 control/733 treatment) -- Anturane Reinfarction Trial","Cardiology domain; no covariates shipped","",
"Expanded","Medicine","Gbsg_df","CRAN: ForCausality","0.1.0","GPL-3","yes",686,"686",6,TRUE,"~6","hormon",1,"survival",FALSE,TRUE,"rfstime/status","survival","right",,,,,,,,,,,,,,,,,,,,,,,,,,,,,,,,,,,,,,,,"right (assumed; standard administrative/loss-to-follow-up censoring for an RCT time-to-event endpoint unless the trial is documented otherwise -- not individually re-verified per trial in this pass)","rfstime/status","survival","documented","Documented (440/246, unequal but real) -- German Breast Cancer Study Group trial","Oncology domain; richer covariate set (age/meno/size/grade/nodes/pgr/er) than the table's other survival sources","",
"Expanded","Economics","seguro","CRAN: experiment","1.2.1","GPL (>= 2)","yes",14902,"14,902 (matched-pair rows)",0,FALSE,"0 shipped","Ta/Tb (paired treatment assignment)",1,"incidence",TRUE,FALSE,"Ya/Yb","incidence","n/a",,,,,,,,,,,,,,,,,,,,,,,,,,,,,,,,,,,,,,,,"n/a","Ya/Yb (one satisfaction outcome stored per pair member; ~79% missing)","incidence","documented","Documented matched-pairs design (Imai & Jiang 2018), marginally balanced (7,410/7,492); heavy missingness in the outcome is a real feature of the data, not a data-quality issue -- use with that in mind","Seguro Popular Mexican universal-health-insurance policy trial; health-policy domain","",
"Expanded","Political Science","ajps","CRAN: GK2011","0.1.3","GPL (>= 2)","yes",483,"483",1,FALSE,"1","tr (4-level: treatment/control/chose-treatment/chose-control)",2,"continuous",FALSE,FALSE,"therm.obama","continuous","n/a","therm.mccain","continuous","n/a",,,,,,,,,,,,,,,,,,,,,,,,,,,,,,,,,,,,,"n/a","therm.obama, therm.mccain","continuous","documented","Documented hybrid self-selection experiment (Gaines & Kuklinski 2011, *AJPS*) -- new design family (experimental + self-selected arms combined)","Political science, feeling-thermometer outcomes","",
"Expanded","Political Science","pakistan","CRAN: endorse","1.6.2","GPL (>= 2)","yes",5212,"5,212",5,FALSE,"5","derived: exactly one of Polio.a-e non-missing per row (clean random 5-arm assignment, not a single factor column)",4,"ordinal",FALSE,FALSE,"Polio.a/Polio.b/Polio.c/Polio.d/Polio.e","ordinal","n/a","FCR.a/FCR.b/FCR.c/FCR.d/FCR.e","ordinal","n/a","Durand.a/Durand.b/Durand.c/Durand.d/Durand.e","ordinal","n/a","Curriculum.a/Curriculum.b/Curriculum.c/Curriculum.d/Curriculum.e","ordinal","n/a",,,,,,,,,,,,,,,,,,,,,,,,,,,,,,,"n/a","Polio.a/Polio.b/Polio.c/Polio.d/Polio.e, FCR.a/FCR.b/FCR.c/FCR.d/FCR.e, Durand.a/Durand.b/Durand.c/Durand.d/Durand.e, Curriculum.a/Curriculum.b/Curriculum.c/Curriculum.d/Curriculum.e (four policy-support questions, each stored as one column per arm with the others missing)","ordinal (1-5)","documented","Documented 5-arm endorsement experiment (control + 4 militant-group endorsers), Bullock, Imai & Shapiro (2011) *Political Analysis*","Political science/conflict studies, Pakistan; independent ordinal source (not geepack/medicaldata/Hayes-Moulton)","",
"Expanded","Ecology","berberis_treatment","CRAN: ecoteach","0.1.0","MIT + file LICENSE","yes",127,"127",4,FALSE,"4","treatment (4-level: manual digging/leaf-spray/stem-cut+glyphosate/stem-cut+salt)",1,"ordinal",FALSE,FALSE,"regrowth","ordinal","n/a",,,,,,,,,,,,,,,,,,,,,,,,,,,,,,,,,,,,,,,,"n/a","regrowth","ordinal (3-level: Dead<Limited<Vital)","documented","Documented real field experiment, Belgium dune sites","Ecology/invasive-species-management domain; another independent ordinal source","",
"Expanded","Agriculture","PowderyMildew","CRAN: epifitter","1.0.0","MIT + file LICENSE","yes",240,"240",3,FALSE,"3","irrigation_type",1,"proportion",FALSE,FALSE,"sev","proportion","n/a",,,,,,,,,,,,,,,,,,,,,,,,,,,,,,,,,,,,,,,,"n/a","sev (disease severity)","proportion","documented","Documented real trial (Lage et al. 2019, *Crop Protection*), organic tomato","Plant pathology/agriculture domain; second independent proportion source (alongside zamstar)","",
"Expanded","Economics","train1","CRAN: callback","0.1.3","GPL-3","yes",2167,"2,167",10,TRUE,"~10","N/A -- candidate-identity attributes (same structural caveat as ResumeNames/immigrationconjoint, no single binary column)",1,"incidence",TRUE,FALSE,"callback","incidence","n/a",,,,,,,,,,,,,,,,,,,,,,,,,,,,,,,,,,,,,,,,"n/a","callback","incidence","documented","Documented correspondence/audit-study field experiment (Fremigacci et al. 2013, *Revue d'economie politique*)","Labor-economics/discrimination domain, France -- package ships 12 more similar sub-studies (train2, labour1/2, origin1/2, gender1-4, mobility1, address1, inter1), not individually added here","",
"Expanded","Medicine","opt","CRAN: medicaldata","0.2.0","MIT + file LICENSE","yes",823,"823",25,TRUE,"~25","Group",2,"incidence;continuous",FALSE,FALSE,"Preg.ended...37.wk","incidence","n/a","Birthweight","continuous","n/a",,,,,,,,,,,,,,,,,,,,,,,,,,,,,,,,,,,,,"n/a","Preg.ended...37.wk; Birthweight","incidence + continuous","documented","Documented: ""Randomized treatment assignment... T = Intervention; C = Control""","Obstetrics/periodontal-therapy RCT -- new domain, found via deep CRAN /data scan (2026-09-15)","Clinic",4
"Expanded","Medicine","supraclavicular","CRAN: medicaldata","0.2.0","MIT + file LICENSE","yes",103,"103",3,FALSE,"3","group",2,"survival",FALSE,TRUE,"onset_sensory/nerve_block_censor","survival","right","onset_first_sensory/nerve_block_censor","survival","right",,,,,,,,,,,,,,,,,,,,,,,,,,,,,,,,,,,,,"right (assumed; standard administrative/loss-to-follow-up censoring for an RCT time-to-event endpoint unless the trial is documented otherwise -- not individually re-verified per trial in this pass)","onset_sensory/nerve_block_censor, onset_first_sensory/nerve_block_censor","survival","documented","Documented: ""Patients were randomly assigned to either...combined group...or...sequential group""","Anesthesiology nerve-block-onset-time RCT -- new domain","",
"Expanded","Education","clubSandwich::AchievementAwardsRCT","CRAN: clubSandwich","0.5.11","GPL-3","yes",16526,"16,526",15,FALSE,"15","treated",2,"incidence",TRUE,FALSE,"Bagrut_status","incidence","n/a","achv_math","incidence","n/a",,,,,,,,,,,,,,,,,,,,,,,,,,,,,,,,,,,,,"n/a","Bagrut_status, achv_math (the catalog's achv_math_gpa does not exist; achv_math is a 0/1 indicator)","incidence","documented","Documented: Angrist & Lavy (2009) AER randomized Israeli high-school achievement-award experiment","Angrist & Lavy (2009) achievement-award field experiment, Israel","school_id",39
"Expanded","Medicine","asaur::pharmacoSmoking","CRAN: asaur","0.50","CC0","yes",125,"125",10,FALSE,"10","grp",1,"survival",FALSE,TRUE,"ttr/relapse","survival","right",,,,,,,,,,,,,,,,,,,,,,,,,,,,,,,,,,,,,,,,"right (assumed; standard administrative/loss-to-follow-up censoring for an RCT time-to-event endpoint unless the trial is documented otherwise -- not individually re-verified per trial in this pass)","ttr/relapse","survival","documented","Documented: Steinberg et al. (2009) Ann Intern Med randomized smoking-cessation trial","Triple-therapy vs patch smoking-cessation RCT","",
"Expanded","Psychology","afex::laptop_urry","CRAN: afex","1.5-1","GPL (>= 2)","yes",142,"142",1,FALSE,"1","condition",3,"continuous",FALSE,FALSE,"overall","continuous","n/a","factual","continuous","n/a","conceptual","continuous","n/a",,,,,,,,,,,,,,,,,,,,,,,,,,,,,,,,,,"n/a","overall, factual, conceptual","continuous","documented","Documented: Urry et al. (2021) Psych Science replication RCT (laptop vs longhand note-taking)","Replication of Mueller & Oppenheimer (2014) note-taking RCT","",
"Expanded","Psychology","cofad::testing_effect","CRAN: cofad","0.4.0","LGPL (>= 3)","yes",60,"60",0,FALSE,"0","condition",1,"count",FALSE,FALSE,"recalled","count","n/a",,,,,,,,,,,,,,,,,,,,,,,,,,,,,,,,,,,,,,,,"n/a","recalled","count","documented","Documented: randomly assigned to one of three learning conditions, U. Cologne study","Testing-effect memory experiment","",
"Expanded","Economics","causalweight::JC","CRAN: causalweight","1.1.5","MIT + file LICENSE","yes",9240,"9,240",15,FALSE,"15","assignment",2,"incidence;continuous",FALSE,FALSE,"everwkdy1","incidence","n/a","earnq4","continuous","n/a",,,,,,,,,,,,,,,,,,,,,,,,,,,,,,,,,,,,,"n/a","everwkdy1; earnq4","incidence + continuous","documented","Documented: real randomized US Job Corps National Study","Job Corps job-training federal RCT","",
"Expanded","Medicine","causalOT::pph","CRAN: causalOT","1.0.4","GPL (== 3.0)","yes",802,"802",14,FALSE,"14","tx",1,"continuous",FALSE,FALSE,"cum_blood_20m","continuous","n/a",,,,,,,,,,,,,,,,,,,,,,,,,,,,,,,,,,,,,,,,"n/a","cum_blood_20m","continuous","documented","Documented Blum et al. (2010) Lancet RCT; mixed RCT+external-control structure, use with that caveat","Misoprostol vs oxytocin postpartum-hemorrhage RCT","",
"Expanded","Economics","baggr::microcredit","CRAN: baggr","0.8.2","GPL (>= 3)","yes",40267,"40,267",2,FALSE,"2","treatment",6,"continuous",FALSE,FALSE,"consumerdurables","continuous","n/a","consumption","continuous","n/a","expenditures","continuous","n/a","profit","continuous","n/a","revenues","continuous","n/a","temptation","continuous","n/a",,,,,,,,,,,,,,,,,,,,,,,,,"n/a","consumerdurables, consumption, expenditures, profit, revenues, temptation","continuous","documented","Documented: Meager (2019) AEJ:Applied, pooled individual-level data from 7 real microcredit RCTs","Pooled microcredit-access RCTs, 7 countries","group",7
"Expanded","Agriculture","asbio::potash","CRAN: asbio","1.13-1","GPL (>= 2)","yes",15,"15",1,FALSE,"1","treatment",1,"continuous",FALSE,FALSE,"strength","continuous","n/a",,,,,,,,,,,,,,,,,,,,,,,,,,,,,,,,,,,,,,,,"n/a","strength","continuous","documented","Documented: Cochran & Cox (1957) classic randomized complete block design","Potash-fertilizer RCBD field trial","",
"Expanded","Medicine","collett::prostatic","CRAN: collett","0.1.2","MIT + file LICENSE","yes",38,"38",4,FALSE,"4","treatment",1,"survival",FALSE,TRUE,"time/status","survival","right",,,,,,,,,,,,,,,,,,,,,,,,,,,,,,,,,,,,,,,,"right (assumed; standard administrative/loss-to-follow-up censoring for an RCT time-to-event endpoint unless the trial is documented otherwise -- not individually re-verified per trial in this pass)","time / status","survival","documented","Documented: VA Cooperative Urological Research Group randomized trial","Prostatic cancer treatment RCT","",
"Expanded","Medicine","collett::tamoxifen","CRAN: collett","0.1.2","MIT + file LICENSE","yes",641,"641",14,FALSE,"14","treat",5,"survival",FALSE,TRUE,"lsurv/ls","survival","right","asurv/as","survival","right","dsurv/ds","survival","right","msurv/ms","survival","right","tsurv/ts","survival","right",,,,,,,,,,,,,,,,,,,,,,,,,,,,"right (assumed; standard administrative/loss-to-follow-up censoring for an RCT time-to-event endpoint unless the trial is documented otherwise -- not individually re-verified per trial in this pass)","lsurv/ls, asurv/as, dsurv/ds, msurv/ms, tsurv/ts (five endpoint-specific time/status pairs)","survival","documented","Documented: real randomized breast-cancer tamoxifen + radiotherapy trial","Breast-cancer tamoxifen RCT","",
"Expanded","Medicine","collett::active_hepatitis","CRAN: collett","0.1.2","MIT + file LICENSE","yes",44,"44",0,FALSE,"0","treatment",1,"survival",FALSE,TRUE,"time/status","survival","right",,,,,,,,,,,,,,,,,,,,,,,,,,,,,,,,,,,,,,,,"right (assumed; standard administrative/loss-to-follow-up censoring for an RCT time-to-event endpoint unless the trial is documented otherwise -- not individually re-verified per trial in this pass)","time / status","survival","documented","Documented: real randomized hepatitis prednisolone-vs-control trial","Hepatitis prednisolone RCT","",
"Expanded","Medicine","BGPhazard::gehan","CRAN: BGPhazard","2.1.1","GPL (>= 2)","yes",42,"42",0,FALSE,"0","treat",1,"survival",FALSE,TRUE,"time/cens","survival","right",,,,,,,,,,,,,,,,,,,,,,,,,,,,,,,,,,,,,,,,"right (assumed; standard administrative/loss-to-follow-up censoring for an RCT time-to-event endpoint unless the trial is documented otherwise -- not individually re-verified per trial in this pass)","time/cens","survival","documented","Documented: Freireich et al. (1963) classic matched-pair leukemia 6-MP trial","Freireich (1963) leukemia matched-pair RCT (canonical form; also appears as SMPracticals::aml/boot::aml/IDPSurvival::aml -- same trial)","",
"Expanded","Medicine","coxphw::biofeedback","CRAN: coxphw","4.0.3","GPL-3","no: donor permitted non-commercial use only",33,"33",4,FALSE,"4","bfb",1,"survival",FALSE,TRUE,"thdur/success","survival","right",,,,,,,,,,,,,,,,,,,,,,,,,,,,,,,,,,,,,,,,"right (assumed; standard administrative/loss-to-follow-up censoring for an RCT time-to-event endpoint unless the trial is documented otherwise -- not individually re-verified per trial in this pass)","thdur/success","survival","documented","Documented: patients were randomized into two groups","Biofeedback therapy RCT","",
"Expanded","Psychology","CrossCarry::Water","CRAN: CrossCarry","1.2.0","GPL (>= 3)","yes",214,"214",6,FALSE,"6","Treatment",1,"continuous",FALSE,FALSE,"LCI","continuous","n/a",,,,,,,,,,,,,,,,,,,,,,,,,,,,,,,,,,,,,,,,"n/a","LCI (cognitive score)","continuous","documented","Documented crossover RCT: control/treatment order randomized across two days","Water-intake cognitive-performance crossover RCT","school",2
"Expanded","Agriculture","dae::McIntyreTMV.dat","CRAN: dae","3.2.35","GPL (>= 2)","yes",128,"128",6,FALSE,"6","light treatment factor",1,"count",FALSE,FALSE,"SqrtCount","count","n/a",,,,,,,,,,,,,,,,,,,,,,,,,,,,,,,,,,,,,,,,"n/a","SqrtCount","count","documented","Documented: McIntyre (1955), four light treatments randomized to tobacco leaves","Tobacco mosaic virus light-treatment RCBD","",
"Expanded","Agriculture","dae::Oats.dat","CRAN: dae","3.2.35","GPL (>= 2)","yes",72,"72",3,FALSE,"3","Nitrogen / Variety",1,"continuous",FALSE,FALSE,"Yield","continuous","n/a",,,,,,,,,,,,,,,,,,,,,,,,,,,,,,,,,,,,,,,,"n/a","Yield","continuous","documented","Documented: Yates (1937) classic randomized complete block design oats trial","Yates oats RCBD field trial (canonical; also appears as asremlPlus::Oats.dat/nlme::Oats/RobStatTM::oats/emmeans::MOats -- same classic dataset)","",
"Expanded","Medicine","cvGEE::aids","CRAN: cvGEE","0.3-0","GPL (>= 3)","yes",1405,"1,405",5,FALSE,"5","drug",1,"survival",FALSE,TRUE,"Time/death","survival","right",,,,,,,,,,,,,,,,,,,,,,,,,,,,,,,,,,,,,,,,"right (assumed; standard administrative/loss-to-follow-up censoring for an RCT time-to-event endpoint unless the trial is documented otherwise -- not individually re-verified per trial in this pass)","Time/death","survival","documented","Documented: real randomized clinical trial comparing two antiretroviral drugs","Antiretroviral-drug RCT","patient",467
"Expanded","Political Science","DeepLearningCausal::exp_data","CRAN: DeepLearningCausal","0.0.107","GPL-3","yes",257,"257",9,FALSE,"9","strong_leader",1,"incidence",TRUE,FALSE,"support_war","incidence","n/a",,,,,,,,,,,,,,,,,,,,,,,,,,,,,,,,,,,,,,,,"n/a","support_war","incidence","documented","Documented: respondents randomly assigned to control or one of two treatments","Political-messaging survey experiment","",
"Expanded","Economics","coursekata::TipExperiment","CRAN: coursekata","0.20.1","GPL (>= 3)","yes",44,"44",3,FALSE,"3","Condition",1,"continuous",FALSE,FALSE,"Tip","continuous","n/a",,,,,,,,,,,,,,,,,,,,,,,,,,,,,,,,,,,,,,,,"n/a","Tip","continuous","documented","Documented: tables randomly assigned to receive checks with different conditions","Restaurant-tipping field experiment","",
"Expanded","Medicine","DoseFinding::migraine","CRAN: DoseFinding","1.4-1","GPL-3","yes",8,"8",0,FALSE,"0","dose",1,"proportion",FALSE,FALSE,"painfree/ntrt","proportion","n/a",,,,,,,,,,,,,,,,,,,,,,,,,,,,,,,,,,,,,,,,"n/a","painfree/ntrt","proportion","documented","Documented: clinicaltrials.gov NCT00712725, randomized placebo-controlled dose-response trial","Migraine dose-response RCT","",
"Expanded","Ecology","ecotox::lamprey_tox","CRAN: ecotox","1.4.4","GPL-3 | file LICENSE","yes",64,"64",3,FALSE,"3","dose / tank",1,"proportion",FALSE,FALSE,"response/total","proportion","n/a",,,,,,,,,,,,,,,,,,,,,,,,,,,,,,,,,,,,,,,,"n/a","response / total","proportion","documented","Documented: randomly assigned to a tank for exposure to varying doses","Lamprey toxicology dose-response experiment","",
"Expanded","Medicine","emplik::smallcell","CRAN: emplik","1.3-3","GPL (>= 2)","yes",121,"121",2,FALSE,"2","arm",1,"survival",FALSE,TRUE,"survival/indicator","survival","right",,,,,,,,,,,,,,,,,,,,,,,,,,,,,,,,,,,,,,,,"right (assumed; standard administrative/loss-to-follow-up censoring for an RCT time-to-event endpoint unless the trial is documented otherwise -- not individually re-verified per trial in this pass)","survival/indicator","survival","documented","Documented: North Central Cancer Treatment Group Randomized Clinical Trial","Small-cell lung cancer RCT","",
"Expanded","Engineering","EngrExpt::uvcoatin","CRAN: EngrExpt","0.1-8","GPL (>= 2)","yes",10,"10",1,FALSE,"1","left/right random assignment",1,"continuous",FALSE,FALSE,"diff","continuous","n/a",,,,,,,,,,,,,,,,,,,,,,,,,,,,,,,,,,,,,,,,"n/a","diff (haze difference between the two randomized sides a and b)","continuous","documented","Documented: coatings applied to lens in a random fashion","UV coating engineering paired experiment","",
"Expanded","Psychology","esci::data_rattanmotivation","CRAN: esci","1.0.4","GPL-3","yes",54,"54",1,FALSE,"1","Group",1,"continuous",FALSE,FALSE,"Motivation","continuous","n/a",,,,,,,,,,,,,,,,,,,,,,,,,,,,,,,,,,,,,,,,"n/a","Motivation","continuous","documented","Documented Rattan et al. (2012) randomized feedback experiment","Growth-mindset feedback RCT","",
"Expanded","Psychology","esci::data_selfexplain","CRAN: esci","1.0.4","GPL-3","yes",52,"52",1,FALSE,"1","Condition",1,"continuous",FALSE,FALSE,"Posttest","continuous","n/a",,,,,,,,,,,,,,,,,,,,,,,,,,,,,,,,,,,,,,,,"n/a","Posttest","continuous","documented","Documented McEldoon et al. (2013) randomized learning-strategy experiment","Self-explanation learning-strategy RCT","",
"Expanded","Medicine","EstimationTools::head_neck_cancer","CRAN: EstimationTools","4.3.1","GPL-3","yes",96,"96",1,FALSE,"1","Therapy",1,"survival",FALSE,TRUE,"Time/Status","survival","right",,,,,,,,,,,,,,,,,,,,,,,,,,,,,,,,,,,,,,,,"right (assumed; standard administrative/loss-to-follow-up censoring for an RCT time-to-event endpoint unless the trial is documented otherwise -- not individually re-verified per trial in this pass)","Time/Status","survival","documented","Documented randomized radiation-therapy trial","Head/neck cancer radiation RCT","",
"Expanded","Medicine","coin::rotarod","CRAN: coin","0.6-4","GPL","yes",24,"24",0,FALSE,"0","group",1,"continuous",FALSE,FALSE,"time","continuous","n/a",,,,,,,,,,,,,,,,,,,,,,,,,,,,,,,,,,,,,,,,"n/a","time","continuous","documented","Documented: randomly assigned pharmacology rat experiment","Rat rotarod pharmacology RCT (canonical; also appears as exactRankTests::rotarod)","",
"Expanded","Psychology","experimentr::mcgrath","CRAN: experimentr","0.1.0","MIT + file LICENSE","yes",30,"30",1,FALSE,"1","treatment",4,"continuous",FALSE,FALSE,"book","continuous","n/a","coffee","continuous","n/a","food","continuous","n/a","grandtotal","continuous","n/a",,,,,,,,,,,,,,,,,,,,,,,,,,,,,,,"n/a","book, coffee, food, grandtotal","continuous","documented","Documented McGrath et al. (2016) randomized experiment","Chocolate-scent consumer-behavior RCT","",
"Expanded","Criminology","experimentr::sherman","CRAN: experimentr","0.1.0","MIT + file LICENSE","yes",207,"207",1,FALSE,"1","treatment",1,"count",FALSE,FALSE,"CFS_after_5weeks","count","n/a",,,,,,,,,,,,,,,,,,,,,,,,,,,,,,,,,,,,,,,,"n/a","CFS_after_5weeks (non-integer in the data)","count","documented","Documented Sherman et al. (1995) randomized field experiment","Police domestic-violence-raid RCT","",
"Expanded","Medicine","faraway::coagulation","CRAN: faraway","1.0.9","GPL","yes",24,"24",1,FALSE,"1","diet",1,"continuous",FALSE,FALSE,"coag","continuous","n/a",,,,,,,,,,,,,,,,,,,,,,,,,,,,,,,,,,,,,,,,"n/a","coag (coagulation time)","continuous","documented","Documented Box/Hunter/Hunter randomized diet experiment","Diet-coagulation-time RCT","",
"Expanded","Entomology","faraway::fruitfly","CRAN: faraway","1.0.9","GPL","yes",124,"124",1,FALSE,"1","activity",1,"continuous",FALSE,FALSE,"longevity","continuous","n/a",,,,,,,,,,,,,,,,,,,,,,,,,,,,,,,,,,,,,,,,"n/a","longevity","continuous","documented","Documented Partridge & Farquhar (1981) randomized experiment","Fruit-fly mating-activity longevity RCT","",
"Expanded","Medicine","faraway::hips","CRAN: faraway","1.0.9","GPL","yes",78,"78",1,FALSE,"1","grp",2,"continuous",FALSE,FALSE,"faft","continuous","n/a","raft","continuous","n/a",,,,,,,,,,,,,,,,,,,,,,,,,,,,,,,,,,,,,"n/a","faft, raft (flexion and rotation after treatment; fbef/rbef are baselines)","continuous","documented","Documented randomized physiotherapy trial","Ankylosing-spondylitis physiotherapy RCT","",
"Expanded","Agriculture","faraway::irrigation","CRAN: faraway","1.0.9","GPL","yes",16,"16",0,FALSE,"0","irrigation treatment",1,"continuous",FALSE,FALSE,"yield","continuous","n/a",,,,,,,,,,,,,,,,,,,,,,,,,,,,,,,,,,,,,,,,"n/a","yield","continuous","documented","Documented split-plot randomized irrigation trial","Split-plot irrigation field trial","",
"Expanded","Medicine","frailtyHL::bladder0","CRAN: frailtyHL","2.3","Unlimited","yes",410,"410",1,FALSE,"1","Chemo",1,"survival",FALSE,TRUE,"Surtime/Status","survival","right",,,,,,,,,,,,,,,,,,,,,,,,,,,,,,,,,,,,,,,,"right (assumed; standard administrative/loss-to-follow-up censoring for an RCT time-to-event endpoint unless the trial is documented otherwise -- not individually re-verified per trial in this pass)","Surtime/Status","survival","documented","Documented EORTC randomized bladder-cancer trial","EORTC bladder-cancer chemo RCT","Center",21
"Expanded","Medicine","frailtyHL::ren","CRAN: frailtyHL","2.3","Unlimited","yes",254,"254",1,FALSE,"1","gp",1,"survival",FALSE,TRUE,"time1/time2/del","survival","right",,,,,,,,,,,,,,,,,,,,,,,,,,,,,,,,,,,,,,,,"right (assumed; standard administrative/loss-to-follow-up censoring for an RCT time-to-event endpoint unless the trial is documented otherwise -- not individually re-verified per trial in this pass)","time1/time2/del (recurrent tumors, counting-process form)","survival","documented","Documented Gail et al. (1980) randomized rat mammary-tumor experiment","Mammary-tumor rat RCT","",
"Expanded","Medicine","frailtypack::bcos","CRAN: frailtypack","3.7.1","GPL (>= 2.0)","yes",94,"94",1,FALSE,"1","treatment",1,"survival",FALSE,TRUE,"left/right","survival","right",,,,,,,,,,,,,,,,,,,,,,,,,,,,,,,,,,,,,,,,"right (assumed; standard administrative/loss-to-follow-up censoring for an RCT time-to-event endpoint unless the trial is documented otherwise -- not individually re-verified per trial in this pass)","left/right (interval-censored)","survival","documented","Documented Finkelstein & Wolfe randomized breast-cosmesis trial","Breast cosmesis radiotherapy RCT","",
"Expanded","Medicine","frailtypack::colorectal","CRAN: frailtypack","3.7.1","GPL (>= 2.0)","yes",289,"289",1,FALSE,"1","treatment",2,"survival",FALSE,TRUE,"time0/time1/new.lesions","survival","right","time1/state","survival","right",,,,,,,,,,,,,,,,,,,,,,,,,,,,,,,,,,,,,"right (assumed; standard administrative/loss-to-follow-up censoring for an RCT time-to-event endpoint unless the trial is documented otherwise -- not individually re-verified per trial in this pass)","time0/time1/new.lesions (recurrent new lesions), time1/state (death, the terminal event)","survival","documented","Documented FFCD 2000-05 randomized colorectal-cancer trial","FFCD colorectal-cancer chemo RCT (canonical; also appears as SLCARE::colorectal, same trial ID)","",
"Expanded","Medicine","frailtypack::dataOvarian","CRAN: frailtypack","3.7.1","GPL (>= 2.0)","yes",1192,"1,192",1,FALSE,"1","trt",2,"survival",FALSE,TRUE,"timeS/statusS","survival","right","timeT/statusT","survival","right",,,,,,,,,,,,,,,,,,,,,,,,,,,,,,,,,,,,,"right (assumed; standard administrative/loss-to-follow-up censoring for an RCT time-to-event endpoint unless the trial is documented otherwise -- not individually re-verified per trial in this pass)","timeS/statusS (surrogate endpoint), timeT/statusT (true endpoint)","survival","documented","Documented pooled patient-level data, 4 real randomized ovarian-cancer trials","Pooled advanced ovarian-cancer RCTs","trialID",50
"Expanded","Medicine","frailtypack::gastadj","CRAN: frailtypack","3.7.1","GPL (>= 2.0)","yes",3288,"3,288",1,FALSE,"1","trt",2,"survival",FALSE,TRUE,"timeT/statusT","survival","right","timeS/statusS","survival","right",,,,,,,,,,,,,,,,,,,,,,,,,,,,,,,,,,,,,"right (assumed; standard administrative/loss-to-follow-up censoring for an RCT time-to-event endpoint unless the trial is documented otherwise -- not individually re-verified per trial in this pass)","timeT/statusT (overall survival), timeS/statusS (surrogate endpoint)","survival","documented","Documented GASTRIC group pooled patient-level data, real randomized adjuvant-chemo trials","Pooled gastric-cancer adjuvant-chemo RCTs (canonical; also appears as surrosurv::gastadj)","trialID",14
"Expanded","Medicine","frailtypack::reduce","CRAN: frailtypack","3.7.1","GPL (>= 2.0)","yes",939,"939",1,FALSE,"1","treatment",2,"survival",FALSE,TRUE,"t.start/t.stop/del","survival","right","t.stop/death","survival","right",,,,,,,,,,,,,,,,,,,,,,,,,,,,,,,,,,,,,"right (assumed; standard administrative/loss-to-follow-up censoring for an RCT time-to-event endpoint unless the trial is documented otherwise -- not individually re-verified per trial in this pass)","t.start/t.stop/del (recurrent delirium), t.stop/death (death, the terminal event)","survival","documented","Documented REDUCE randomized haloperidol-delirium trial","Haloperidol delirium-prevention RCT","",
"Expanded","Medicine","geecure::smoking","CRAN: geecure","1.0-6","GPL (>= 2)","yes",223,"223",1,FALSE,"1","SI.UC",1,"survival",FALSE,TRUE,"Timept1/Timept2/Relapse","survival","right",,,,,,,,,,,,,,,,,,,,,,,,,,,,,,,,,,,,,,,,"right (assumed; standard administrative/loss-to-follow-up censoring for an RCT time-to-event endpoint unless the trial is documented otherwise -- not individually re-verified per trial in this pass)","Timept1/Timept2/Relapse (interval-censored relapse time)","survival","documented","Documented randomized smoking-cessation trial","Smoking-cessation RCT","",
"Expanded","Medicine","geecure::tonsil","CRAN: geecure","1.0-6","GPL (>= 2)","yes",195,"195",1,FALSE,"1","Trt",1,"survival",FALSE,TRUE,"Time/Status","survival","right",,,,,,,,,,,,,,,,,,,,,,,,,,,,,,,,,,,,,,,,"right (assumed; standard administrative/loss-to-follow-up censoring for an RCT time-to-event endpoint unless the trial is documented otherwise -- not individually re-verified per trial in this pass)","Time/Status","survival","documented","Documented randomized tonsil-carcinoma trial","Tonsil carcinoma treatment RCT","Inst",6
"Expanded","Medicine","geer::cerebrovascular","CRAN: geer","0.1.0","GPL-3","yes",134,"134",1,FALSE,"1","treatment",1,"incidence",TRUE,FALSE,"ecg","incidence","n/a",,,,,,,,,,,,,,,,,,,,,,,,,,,,,,,,,,,,,,,,"n/a","ecg","incidence","documented","Documented randomized crossover trial","Cerebrovascular deficiency crossover RCT","id",67
"Expanded","Medicine","geer::cholecystectomy","CRAN: geer","0.1.0","GPL-3","yes",246,"246",1,FALSE,"1","treatment",1,"incidence",TRUE,FALSE,"pain","incidence","n/a",,,,,,,,,,,,,,,,,,,,,,,,,,,,,,,,,,,,,,,,"n/a","pain (0/1 in the data, not an ordinal score)","incidence","documented","Documented randomized post-laparoscopy shoulder-pain trial","Post-laparoscopy shoulder-pain RCT","id",41
"Expanded","Medicine","geer::depression","CRAN: geer","0.1.0","GPL-3","yes",366,"366",1,FALSE,"1","treatment",1,"continuous",FALSE,FALSE,"score","continuous","n/a",,,,,,,,,,,,,,,,,,,,,,,,,,,,,,,,,,,,,,,,"n/a","score (depression score)","continuous","documented","Documented randomized postnatal-depression oestrogen trial","Postnatal-depression oestrogen RCT","id",61
"Expanded","Medicine","geer::leprosy","CRAN: geer","0.1.0","GPL-3","yes",60,"60",1,FALSE,"1","treatment",1,"count",FALSE,FALSE,"bacilli","count","n/a",,,,,,,,,,,,,,,,,,,,,,,,,,,,,,,,,,,,,,,,"n/a","bacilli","count","documented","Documented randomized leprosy antibiotic trial","Leprosy antibiotic RCT","id",30
"Expanded","Medicine","geer::rinse","CRAN: geer","0.1.0","GPL-3","yes",218,"218",1,FALSE,"1","treatment",1,"continuous",FALSE,FALSE,"score","continuous","n/a",,,,,,,,,,,,,,,,,,,,,,,,,,,,,,,,,,,,,,,,"n/a","score (plaque score)","continuous","documented","Documented randomized dental mouth-rinse trial","Dental plaque mouth-rinse RCT","id",109
"Expanded","Economics","GJRM.data::hie","CRAN: GJRM.data","0.1-1","GPL (>= 2)","yes",7734,"7,734",1,FALSE,"1","bonus",1,"incidence",TRUE,FALSE,"status","incidence","n/a",,,,,,,,,,,,,,,,,,,,,,,,,,,,,,,,,,,,,,,,"n/a","status (re-employment indicator)","incidence","documented","Documented Illinois Hiring Incentive randomized field experiment","Illinois re-employment bonus experiment","",
"Expanded","Medicine","glmm::bacteria","CRAN: glmm","1.4.4","GPL-2","no: GPL-2 only",220,"220",1,FALSE,"1","trt",1,"incidence",TRUE,FALSE,"y2","incidence","n/a",,,,,,,,,,,,,,,,,,,,,,,,,,,,,,,,,,,,,,,,"n/a","y2 (0/1 coding of y)","incidence","documented","Documented randomized otitis-media drug trial in children","Otitis-media antibiotic RCT","ID",50
"Expanded","Medicine","glmtoolbox::amenorrhea","CRAN: glmtoolbox","0.1.12","GPL-2 | GPL-3","yes",4604,"4,604",1,FALSE,"1","Dose",1,"incidence",TRUE,FALSE,"amenorrhea","incidence","n/a",,,,,,,,,,,,,,,,,,,,,,,,,,,,,,,,,,,,,,,,"n/a","amenorrhea","incidence","documented","Documented randomized DMPA-contraceptive dose trial","Contraceptive dose-response RCT","",
"Expanded","Medicine","glmtoolbox::ossification","CRAN: glmtoolbox","0.1.12","GPL-2 | GPL-3","yes",81,"81",2,FALSE,"2","pht / tcpo",1,"proportion",FALSE,FALSE,"fetuses/litter","proportion","n/a",,,,,,,,,,,,,,,,,,,,,,,,,,,,,,,,,,,,,,,,"n/a","fetuses/litter","proportion","documented","Documented randomized 2x2 factorial teratology mouse trial","Teratology factorial mouse RCT","",
"Expanded","Agriculture","gosset::breadwheat","CRAN: gosset","1.5.1","MIT + file LICENSE","yes",493,"493",0,FALSE,"0","variety triplet",4,"ordinal",FALSE,FALSE,"germination_best/germination_worst","ordinal","n/a","grainquality_best/grainquality_worst","ordinal","n/a","yield_best/yield_worst","ordinal","n/a","overall_best/overall_worst","ordinal","n/a",,,,,,,,,,,,,,,,,,,,,,,,,,,,,,,"n/a","germination_best/germination_worst, grainquality_best/grainquality_worst, yield_best/yield_worst, overall_best/overall_worst (best and worst of three varieties, per trait)","ordinal","documented","Documented tricot on-farm randomized wheat-variety trial, India","On-farm tricot wheat-variety RCT, India","",
"Expanded","Agriculture","gosset::nicabean","CRAN: gosset","1.5.1","MIT + file LICENSE","yes",15039,"15039",0,FALSE,"0","item (10 varieties, randomly assigned as 3-variety incomplete blocks)",1,"ordinal",FALSE,FALSE,"rank","ordinal","n/a",,,,,,,,,,,,,,,,,,,,,,,,,,,,,,,,,,,,,,,,"n/a","rank (1 = best to 3 = worst, long format with one row per trait)","ordinal","documented","Documented tricot on-farm randomized bean-variety trial, Nicaragua (557 farmers x 9 traits, long format)","On-farm tricot bean-variety RCT, Nicaragua","trial.id",557
"Expanded","Environmental Science","gpk::cloudseed","CRAN: gpk","1.0","GPL-2","no: GPL-2 only",52,"52",1,FALSE,"1","Seeded.Indicator",1,"continuous",FALSE,FALSE,"Rainfall","continuous","n/a",,,,,,,,,,,,,,,,,,,,,,,,,,,,,,,,,,,,,,,,"n/a","Rainfall","continuous","documented","Documented classic randomized cloud-seeding experiment","Cloud-seeding weather-modification RCT","",
"Expanded","Medicine","granova::arousal","CRAN: granova","2.0","GPL (>= 2)","yes",40,"40",0,FALSE,"0","treatment group (4-level)",1,"continuous",FALSE,FALSE,"Placebo/Drug.A/Drug.B/Drug.A.B","continuous","n/a",,,,,,,,,,,,,,,,,,,,,,,,,,,,,,,,,,,,,,,,"n/a","Placebo/Drug.A/Drug.B/Drug.A.B (one arousal score stored as one column per arm)","continuous","documented","Documented randomized rat pharmacology arousal experiment","Rat arousal pharmacology RCT","",
"Expanded","Medicine","gss::bacteriuria","CRAN: gss","3.0-0","GPL (>= 2)","yes",820,"820",1,FALSE,"1","trt",1,"incidence",TRUE,FALSE,"infect","incidence","n/a",,,,,,,,,,,,,,,,,,,,,,,,,,,,,,,,,,,,,,,,"n/a","infect","incidence","documented","Documented randomized bacteriuria treatment trial","Bacteriuria treatment RCT","id",72
"Expanded","Medicine","hamlet::orxwide","CRAN: hamlet","0.9.8","GPL (>= 2)","yes",109,"109",1,FALSE,"1","Group",2,"continuous",FALSE,FALSE,"Volume","continuous","n/a","PSA","continuous","n/a",,,,,,,,,,,,,,,,,,,,,,,,,,,,,,,,,,,,,"n/a","Volume, PSA (tumor volume and PSA at end of study)","continuous","documented","Documented preclinical randomized tumor study, matched random allocation","Preclinical tumor-treatment RCT","",
"Expanded","Medicine","heplots::RatWeight","CRAN: heplots","1.7.4","GPL (>= 2)","yes",27,"27",1,FALSE,"1","trt",4,"continuous",FALSE,FALSE,"wt1","continuous","n/a","wt2","continuous","n/a","wt3","continuous","n/a","wt4","continuous","n/a",,,,,,,,,,,,,,,,,,,,,,,,,,,,,,,"n/a","wt1, wt2, wt3, wt4 (weekly weights; wt0 is the baseline)","continuous","documented","Documented Box (1950) classic randomized rat weight-gain experiment","Box (1950) rat weight-gain RCT (canonical; also appears as nlmm::rats)","",
"Expanded","Agriculture","heritable::lettuce_phenotypes","CRAN: heritable","0.1.0","GPL (>= 3)","yes",703,"703",1,FALSE,"1","gen",1,"ordinal",FALSE,FALSE,"y","ordinal","n/a",,,,,,,,,,,,,,,,,,,,,,,,,,,,,,,,,,,,,,,,"n/a","y (phenotype score)","ordinal","documented","Documented randomized complete block lettuce field trial","Lettuce RCBD phenotype field trial","",
"Expanded","Agriculture","hiddenf::Graybill.mtx","CRAN: hiddenf","2.0","GPL-2","no: GPL-2 only",52,"52",0,FALSE,"0","treatment (implicit in matrix)",1,"continuous",FALSE,FALSE,"V1/V2/V3/V4","continuous","n/a",,,,,,,,,,,,,,,,,,,,,,,,,,,,,,,,,,,,,,,,"n/a","V1/V2/V3/V4 (one yield stored as one column per treatment)","continuous","documented","Documented Graybill (1954) classic randomized wheat RCBD","Graybill (1954) wheat RCBD field trial","",
"Expanded","Medicine","HLMdiag::ahd","CRAN: HLMdiag","0.5.0","GPL-2","no: GPL-2 only",330,"330",1,FALSE,"1","treatment",1,"continuous",FALSE,FALSE,"sbvalue","continuous","n/a",,,,,,,,,,,,,,,,,,,,,,,,,,,,,,,,,,,,,,,,"n/a","sbvalue (serum bilirubin, weekly)","continuous","documented","Documented randomized methylprednisolone hepatitis trial","Methylprednisolone hepatitis RCT","subject",66
"Expanded","Agriculture","hnp::cbb","CRAN: hnp","1.2-7","GPL (>= 2)","yes",288,"288",1,FALSE,"1","trap",1,"count",FALSE,FALSE,"count","count","n/a",,,,,,,,,,,,,,,,,,,,,,,,,,,,,,,,,,,,,,,,"n/a","count (borer count)","count","documented","Documented completely randomized coffee-berry-borer field trial","Coffee berry borer CRD field trial","",
"Expanded","Agriculture","hnp::chryso","CRAN: hnp","1.2-7","GPL (>= 2)","yes",24,"24",1,FALSE,"1","conc",1,"proportion",FALSE,FALSE,"dead/alive","proportion","n/a",,,,,,,,,,,,,,,,,,,,,,,,,,,,,,,,,,,,,,,,"n/a","dead/alive (dead out of dead + alive)","proportion","documented","Documented completely randomized lime-sulphur toxicology trial","Lime-sulphur toxicology CRD","",
"Expanded","Agriculture","hnp::corn","CRAN: hnp","1.2-7","GPL (>= 2)","yes",40,"40",1,FALSE,"1","extract",1,"proportion",FALSE,FALSE,"y/m","proportion","n/a",,,,,,,,,,,,,,,,,,,,,,,,,,,,,,,,,,,,,,,,"n/a","y/m (dead out of m)","proportion","documented","Documented completely randomized corn-weevil insecticide trial","Corn weevil insecticide CRD","",
"Expanded","Agriculture","hnp::fungi","CRAN: hnp","1.2-7","GPL (>= 2)","yes",30,"30",2,FALSE,"2","species / conc",1,"proportion",FALSE,FALSE,"y/m","proportion","n/a",,,,,,,,,,,,,,,,,,,,,,,,,,,,,,,,,,,,,,,,"n/a","y/m (inhibited out of m)","proportion","documented","Documented completely randomized fungi biocontrol trial","Fungi biocontrol CRD","",
"Expanded","Agriculture","hnp::oil","CRAN: hnp","1.2-7","GPL (>= 2)","yes",70,"70",1,FALSE,"1","treat",1,"count",FALSE,FALSE,"y","count","n/a",,,,,,,,,,,,,,,,,,,,,,,,,,,,,,,,,,,,,,,,"n/a","y (oviposition count)","count","documented","Documented completely randomized agricultural-oil oviposition trial","Agricultural-oil oviposition CRD","",
"Expanded","Agriculture","hnp::orange","CRAN: hnp","1.2-7","GPL (>= 2)","yes",150,"150",1,FALSE,"1","sugar",1,"count",FALSE,FALSE,"embryos","count","n/a",,,,,,,,,,,,,,,,,,,,,,,,,,,,,,,,,,,,,,,,"n/a","embryos","count","documented","Documented randomized complete block orange embryogenesis trial","Orange embryogenesis RCBD","",
"Expanded","Agriculture","hnp::progeny","CRAN: hnp","1.2-7","GPL (>= 2)","yes",40,"40",1,FALSE,"1","extract",1,"count",FALSE,FALSE,"y","count","n/a",,,,,,,,,,,,,,,,,,,,,,,,,,,,,,,,,,,,,,,,"n/a","y (progeny count)","count","documented","Documented completely randomized weevil-progeny trial","Weevil progeny CRD","",
"Expanded","Medicine","HSAUR3::BtheB","CRAN: HSAUR3","1.0-13","GPL-2","no: GPL-2 only",100,"100",1,FALSE,"1","treatment",4,"continuous",FALSE,FALSE,"bdi.2m","continuous","n/a","bdi.3m","continuous","n/a","bdi.5m","continuous","n/a","bdi.8m","continuous","n/a",,,,,,,,,,,,,,,,,,,,,,,,,,,,,,,"n/a","bdi.2m, bdi.3m, bdi.5m, bdi.8m (Beck Depression Inventory at follow-ups; bdi.pre is the baseline)","continuous","documented","Documented randomized 'Beat the Blues' depression trial","Beat the Blues computerized-CBT RCT","",
"Expanded","Medicine","HSAUR3::Lanza","CRAN: HSAUR3","1.0-13","GPL-2","no: GPL-2 only",198,"198",1,FALSE,"1","treatment",1,"ordinal",FALSE,FALSE,"classification","ordinal","n/a",,,,,,,,,,,,,,,,,,,,,,,,,,,,,,,,,,,,,,,,"n/a","classification","ordinal","documented","Documented pooled patient-level data, 4 real randomized misoprostol trials","Pooled misoprostol RCTs","",
"Expanded","Psychology","HSAUR3::students","CRAN: HSAUR3","1.0-13","GPL-2","no: GPL-2 only",35,"35",1,FALSE,"1","treatment",2,"continuous",FALSE,FALSE,"low","continuous","n/a","high","continuous","n/a",,,,,,,,,,,,,,,,,,,,,,,,,,,,,,,,,,,,,"n/a","low, high (risk scores)","continuous","documented","Documented Timm randomized risk-taking experiment","Risk-taking behavioral RCT","",
"Expanded","Medicine","PASWR2::WEIGHTGAIN","CRAN: PASWR2","1.0.5","GPL-2","no: GPL-2 only",40,"40",2,FALSE,"2","source / type",1,"continuous",FALSE,FALSE,"weightgain","continuous","n/a",,,,,,,,,,,,,,,,,,,,,,,,,,,,,,,,,,,,,,,,"n/a","weightgain","continuous","documented","Documented completely randomized design, ten rats per treatment (Hand et al., Handbook of Small Datasets)","Rat-diet weight-gain factorial RCT (canonical; also appears as HSAUR::weightgain)","",
"Expanded","Economics","mediation::jobs","CRAN: mediation","4.5.0","GPL (>= 2)","unclear: subset of the JOBS II data archived at ICPSR",899,"899",8,FALSE,"8","treat",2,"incidence;continuous",FALSE,FALSE,"job_dich","incidence","n/a","depress2","continuous","n/a",,,,,,,,,,,,,,,,,,,,,,,,,,,,,,,,,,,,,"n/a","job_dich; depress2","incidence + continuous","documented","Documented JOBS II randomized field experiment","JOBS II job-training/mental-health RCT","",
"Expanded","Political Science","Matching::GerberGreenImai","CRAN: Matching","4.10-15","GPL-3","yes",10829,"10,829",6,FALSE,"6","PHONEGRP",1,"incidence",TRUE,FALSE,"VOTED98","incidence","n/a",,,,,,,,,,,,,,,,,,,,,,,,,,,,,,,,,,,,,,,,"n/a","VOTED98","incidence","documented","Documented Gerber & Green (2000) GOTV randomized field experiment","GOTV phone-canvassing field experiment (canonical; also appears as factiv::newhaven)","",
"Expanded","Agriculture","lmPerm::Federer276","CRAN: lmPerm","2.1.0","GPL (>= 2)","yes",96,"96",3,FALSE,"3","Treatment",1,"count",FALSE,FALSE,"Plants","count","n/a",,,,,,,,,,,,,,,,,,,,,,,,,,,,,,,,,,,,,,,,"n/a","Plants","count","documented","Documented Federer (1955) randomized block design","Federer randomized block agricultural trial","",
"Expanded","Engineering","lmPerm::Hald17.4","CRAN: lmPerm","2.1.0","GPL (>= 2)","yes",35,"35",1,FALSE,"1","T",1,"continuous",FALSE,FALSE,"Y","continuous","n/a",,,,,,,,,,,,,,,,,,,,,,,,,,,,,,,,,,,,,,,,"n/a","Y","continuous","documented","Documented Hald (1952) randomized block experiment","Hald (1952) engineering RCBD","",
"Expanded","Medicine","labstats::festing","CRAN: labstats","1.0.1","GPL-3","yes",16,"16",2,FALSE,"2","treatment",1,"continuous",FALSE,FALSE,"value","continuous","n/a",,,,,,,,,,,,,,,,,,,,,,,,,,,,,,,,,,,,,,,,"n/a","value","continuous","documented","Documented randomized block mouse-liver-enzyme experiment","Mouse liver-enzyme RCBD","",
"Expanded","Medicine","labstats::fluoxetine","CRAN: labstats","1.0.1","GPL-3","yes",20,"20",0,FALSE,"0","dose",1,"continuous",FALSE,FALSE,"time.immob","continuous","n/a",,,,,,,,,,,,,,,,,,,,,,,,,,,,,,,,,,,,,,,,"n/a","time.immob","continuous","documented","Documented: rats randomly assigned to control or three doses","Rat fluoxetine pharmacology RCT","",
"Expanded","Medicine","labstats::glycogen","CRAN: labstats","1.0.1","GPL-3","yes",36,"36",2,FALSE,"2","Treatment",1,"continuous",FALSE,FALSE,"Glycogen","continuous","n/a",,,,,,,,,,,,,,,,,,,,,,,,,,,,,,,,,,,,,,,,"n/a","Glycogen","continuous","documented","Documented: six rats randomised to three treatment conditions","Rat glycogen physiology RCT","",
"Expanded","Medicine","labstats::hypertension","CRAN: labstats","1.0.1","GPL-3","yes",30,"30",2,FALSE,"2","Diet",1,"continuous",FALSE,FALSE,"Y","continuous","n/a",,,,,,,,,,,,,,,,,,,,,,,,,,,,,,,,,,,,,,,,"n/a","Y","continuous","documented","Documented Casella (2008) randomized diet/blood-pressure experiment","Diet/blood-pressure RCT","Subject",10
"Expanded","Medicine","labstats::KH2004","CRAN: labstats","1.0.1","GPL-3","yes",210,"210",2,FALSE,"2","cond",1,"continuous",FALSE,FALSE,"values","continuous","n/a",,,,,,,,,,,,,,,,,,,,,,,,,,,,,,,,,,,,,,,,"n/a","values","continuous","documented","Documented paired-randomization rat muscle-pharmacology experiment","Rat muscle-pharmacology paired RCT","",
"Expanded","Medicine","labstats::locomotor","CRAN: labstats","1.0.1","GPL-3","yes",282,"282",2,FALSE,"2","drug",1,"continuous",FALSE,FALSE,"dist","continuous","n/a",,,,,,,,,,,,,,,,,,,,,,,,,,,,,,,,,,,,,,,,"n/a","dist","continuous","documented","Documented: forty-seven rats randomised, behavioral pharmacology","Rat locomotor-activity pharmacology RCT","",
"Expanded","Medicine","labstats::VPA","CRAN: labstats","1.0.1","GPL-3","yes",24,"24",2,FALSE,"2","group / drug",1,"continuous",FALSE,FALSE,"activity","continuous","n/a",,,,,,,,,,,,,,,,,,,,,,,,,,,,,,,,,,,,,,,,"n/a","activity","continuous","documented","Documented two-level randomization mouse teratology experiment","Mouse VPA teratology RCT","litter",6
"Expanded","Medicine","KONPsurv::carcinoma","CRAN: KONPsurv","1.0.4","GPL (>= 2)","yes",625,"625",0,FALSE,"0","group",1,"survival",FALSE,TRUE,"time/status","survival","right",,,,,,,,,,,,,,,,,,,,,,,,,,,,,,,,,,,,,,,,"right (assumed; standard administrative/loss-to-follow-up censoring for an RCT time-to-event endpoint unless the trial is documented otherwise -- not individually re-verified per trial in this pass)","time / status","survival","documented","Documented real Phase 3 IMvigor211 randomized trial (Powles et al.)","IMvigor211 urothelial-carcinoma RCT","",
"Expanded","Medicine","mice::toenail","CRAN: mice","3.18.0","GPL (>= 2)","yes",1908,"1,908",0,FALSE,"0","treatment",1,"incidence",TRUE,FALSE,"outcome","incidence","n/a",,,,,,,,,,,,,,,,,,,,,,,,,,,,,,,,,,,,,,,,"n/a","outcome","incidence","documented","Documented multicenter randomized dermatology trial","Toenail-infection dermatology RCT (canonical; also appears as faraway::toenail)","ID",294
"Expanded","Medicine","ISwR::alkfos","CRAN: ISwR","2.0-12","GPL (>= 2)","yes",43,"43",1,FALSE,"1","grp",6,"continuous",FALSE,FALSE,"c3","continuous","n/a","c6","continuous","n/a","c9","continuous","n/a","c12","continuous","n/a","c18","continuous","n/a","c24","continuous","n/a",,,,,,,,,,,,,,,,,,,,,,,,,"n/a","c3, c6, c9, c12, c18, c24 (alkaline phosphatase at months 3–24; c0 is the baseline)","continuous","documented","Documented randomized Tamoxifen oncology trial","Tamoxifen breast-cancer RCT","",
"Expanded","Medicine","invGauss::d.oropha.rec","CRAN: invGauss","1.2","GPL (>= 2)","yes",192,"192",7,FALSE,"7","treatm",1,"survival",FALSE,TRUE,"time/status","survival","right",,,,,,,,,,,,,,,,,,,,,,,,,,,,,,,,,,,,,,,,"right (assumed; standard administrative/loss-to-follow-up censoring for an RCT time-to-event endpoint unless the trial is documented otherwise -- not individually re-verified per trial in this pass)","time / status","survival","documented","Documented RTOG randomized oropharynx-carcinoma trial","RTOG oropharyngeal-carcinoma RCT","inst",6
"Expanded","Medicine","lava::bmd","CRAN: lava","1.8.1","GPL-3","yes",112,"112",1,FALSE,"1","group",4,"continuous",FALSE,FALSE,"bmd2","continuous","n/a","bmd3","continuous","n/a","bmd4","continuous","n/a","bmd5","continuous","n/a",,,,,,,,,,,,,,,,,,,,,,,,,,,,,,,"n/a","bmd2, bmd3, bmd4, bmd5 (bone density at follow-ups; bmd1 is the baseline)","continuous","documented","Documented: 112 girls randomized to receive calcium or placebo","Pediatric calcium/bone-density RCT","",
"Expanded","Medicine","mhazard::anemia","CRAN: mhazard","0.2.3","GPL-3","yes",64,"64",2,FALSE,"2","Treatment",1,"survival",FALSE,TRUE,"Time/Censored","survival","right",,,,,,,,,,,,,,,,,,,,,,,,,,,,,,,,,,,,,,,,"right (assumed; standard administrative/loss-to-follow-up censoring for an RCT time-to-event endpoint unless the trial is documented otherwise -- not individually re-verified per trial in this pass)","Time / Censored","survival","documented","Documented real randomized hematology trial (CSPMTX vs MTX)","Anemia chemotherapy RCT","",
"Expanded","Agriculture","isdals::cornyield","CRAN: isdals","3.0.1","GPL-2","no: GPL-2 only",8,"8",0,FALSE,"0","variety / fertilizer",1,"continuous",FALSE,FALSE,"yield","continuous","n/a",,,,,,,,,,,,,,,,,,,,,,,,,,,,,,,,,,,,,,,,"n/a","yield","continuous","documented","Documented: randomly assigned to the 8 plots","Corn-yield agricultural RCT","",
"Expanded","Medicine","lqmm::labor","CRAN: lqmm","1.5.8","GPL (>= 2)","yes",358,"358",0,FALSE,"0","trt",1,"continuous",FALSE,FALSE,"pain","continuous","n/a",,,,,,,,,,,,,,,,,,,,,,,,,,,,,,,,,,,,,,,,"n/a","pain","continuous","documented","Documented Davis (1991) randomized labor-pain trial","Labor-pain medication RCT (canonical; also appears as Qtools::labor)","subject",83
"Expanded","Medicine","LongCART::ACTG175","CRAN: LongCART","3.2","GPL (>= 2)","yes",6417,"6,417",14,FALSE,"14","treat",2,"continuous;survival",FALSE,TRUE,"cd4","continuous","n/a","days/cens","survival","right",,,,,,,,,,,,,,,,,,,,,,,,,,,,,,,,,,,,,"right (assumed; standard administrative/loss-to-follow-up censoring for an RCT time-to-event endpoint unless the trial is documented otherwise -- not individually re-verified per trial in this pass)","cd4 (repeated at weeks 0, 20, 96 in time); days/cens","continuous + survival","documented","Documented real randomized ACTG175 AIDS clinical trial","ACTG175 AIDS trial (canonical; also appears reduced/reformatted across JM/JMbayes/JMbayes2/JSM as 'aids')","",
"Expanded","Medicine","mixor::schizophrenia","CRAN: mixor","1.0.7","GPL (>= 2)","yes",437,"437",0,FALSE,"0","TxDrug",1,"ordinal",FALSE,FALSE,"imps79o","ordinal","n/a",,,,,,,,,,,,,,,,,,,,,,,,,,,,,,,,,,,,,,,,"n/a","imps79o (4-level; imps79 and imps79b are continuous and binary codings of the same rating)","ordinal","documented","Documented NIMH Schizophrenia Collaborative Study, randomized to one of four medications","NIMH schizophrenia drug RCT (canonical; also appears as vcrpart::schizo, remiod::schizo)","id",437
"Expanded","Public Health","mixor::SmokeOnset","CRAN: mixor","1.0.7","GPL (>= 2)","yes",1556,"1,556",0,FALSE,"0","cc / tv (2x2 factorial)",1,"survival",FALSE,TRUE,"smkonset/event","survival","right",,,,,,,,,,,,,,,,,,,,,,,,,,,,,,,,,,,,,,,,"right (assumed; standard administrative/loss-to-follow-up censoring for an RCT time-to-event endpoint unless the trial is documented otherwise -- not individually re-verified per trial in this pass)","smkonset / event","survival","documented","Documented: school randomized to social-resistance curriculum / media intervention","TV School & Family Smoking Prevention Project","school",28
"Expanded","Public Health","mixor::SmokingPrevention","CRAN: mixor","1.0.7","GPL (>= 2)","yes",1600,"1,600",0,FALSE,"0","cc / tv",1,"ordinal",FALSE,FALSE,"thksord","ordinal","n/a",,,,,,,,,,,,,,,,,,,,,,,,,,,,,,,,,,,,,,,,"n/a","thksord (thksbin is a binary coding of the same score)","ordinal","documented","Documented same TV School & Family Smoking Prevention trial, companion outcome","TV School & Family Smoking Prevention Project (companion dataset)","school",28
"Expanded","Agriculture","MNM::beans","CRAN: MNM","1.0-4","GPL (>= 2)","yes",24,"24",0,FALSE,"0","Treatment (6-level) / Block",3,"count",FALSE,FALSE,"y1","count","n/a","y2","count","n/a","y3","count","n/a",,,,,,,,,,,,,,,,,,,,,,,,,,,,,,,,,,"n/a","y1, y2, y3 (non-integer in the data)","count","documented","Documented randomized block experiment, six treatments","Bean randomized block field trial","",
"Expanded","Economics","moderate.mediation::newws","CRAN: moderate.mediation","0.0.12","GPL-2","no: GPL-2 only",694,"694",0,FALSE,"0","treat",1,"continuous",FALSE,FALSE,"depression","continuous","n/a",,,,,,,,,,,,,,,,,,,,,,,,,,,,,,,,,,,,,,,,"n/a","depression","continuous","documented","Documented NEWWS Riverside randomized welfare-to-work trial","NEWWS Riverside welfare-to-work RCT (canonical; also appears as rmpw::Riverside)","",
"Expanded","Medicine","mosaicData::HELPrct","CRAN: mosaicData","0.20.4","GPL (>= 2)","yes",453,"453",0,FALSE,"0","treat",2,"continuous",FALSE,FALSE,"mcs","continuous","n/a","pcs","continuous","n/a",,,,,,,,,,,,,,,,,,,,,,,,,,,,,,,,,,,,,"n/a","mcs, pcs","continuous","documented","Documented HELP randomized clinical trial","HELP clinical trial, substance-abuse patients","",
"Expanded","Entomology","mosaicData::Mites","CRAN: mosaicData","0.20.4","GPL (>= 2)","yes",47,"47",0,FALSE,"0","treatment",1,"incidence",TRUE,FALSE,"outcome","incidence","n/a",,,,,,,,,,,,,,,,,,,,,,,,,,,,,,,,,,,,,,,,"n/a","outcome","incidence","documented","Documented: randomly allocated to infestation or no-infestation groups","Spider-mite infestation RCT","",
"Expanded","Medicine","multiDimBio::Nuclei","CRAN: multiDimBio","1.2.5","GPL (>= 3.0)","yes",71,"71",0,FALSE,"0","stress x vinclozolin (2x2)",14,"continuous",FALSE,FALSE,"PMCO","continuous","n/a","MPED","continuous","n/a","BnSTl","continuous","n/a","MPOA","continuous","n/a","VMH","continuous","n/a","CeAmy","continuous","n/a","MeAmy","continuous","n/a","CoAmy","continuous","n/a","BnSTm","continuous","n/a","ST","continuous","n/a","Crtx","continuous","n/a","BLA","continuous","n/a","CA1","continuous","n/a","CA3","continuous","n/a","n/a","PMCO, MPED, BnSTl, MPOA, VMH, CeAmy, MeAmy, CoAmy, BnSTm, ST, Crtx, BLA, CA1, CA3 (14 brain-region measures)","continuous","documented","Documented: dyads randomly chosen to receive chronic restraint stress","Rat brain-stress 2x2 factorial RCT","",
"Expanded","Agriculture","nlme::Alfalfa","CRAN: nlme","3.1-171","GPL (>= 2)","yes",72,"72",0,FALSE,"0","Variety / Date",1,"continuous",FALSE,FALSE,"Yield","continuous","n/a",,,,,,,,,,,,,,,,,,,,,,,,,,,,,,,,,,,,,,,,"n/a","Yield","continuous","documented","Documented Snedecor & Cochran randomized split-plot trial","Alfalfa split-plot field trial","",
"Expanded","Medicine","nlme::Assay","CRAN: nlme","3.1-171","GPL (>= 2)","yes",60,"60",0,FALSE,"0","sample / dilut (split-block)",1,"continuous",FALSE,FALSE,"logDens","continuous","n/a",,,,,,,,,,,,,,,,,,,,,,,,,,,,,,,,,,,,,,,,"n/a","logDens","continuous","documented","Documented randomized split-block bioassay","Split-block bioassay experiment","",
"Expanded","Medicine","nlmeU::armd0","CRAN: nlmeU","0.70-9","GPL (>= 2)","yes",1107,"1,107",0,FALSE,"0","treat.f",1,"continuous",FALSE,FALSE,"visual","continuous","n/a",,,,,,,,,,,,,,,,,,,,,,,,,,,,,,,,,,,,,,,,"n/a","visual","continuous","documented","Documented randomized multi-center ARMD trial (interferon-alpha vs placebo)","ARMD macular-degeneration RCT","subject",240
"Expanded","Medicine","nlmeU::prt.subjects","CRAN: nlmeU","0.70-9","GPL (>= 2)","yes",63,"63",0,FALSE,"0","prt.f",0,"continuous",FALSE,FALSE,,,,,,,,,,,,,,,,,,,,,,,,,,,,,,,,,,,,,,,,,,,"n/a","not in the loaded file (iso.fo and spec.fo live in the fiber-level nlmeU::prt, not in prt.subjects)","continuous","documented","Documented Progressive Resistance Randomized Trial","Progressive resistance-training RCT","",
"Expanded","Psychology","PASWR::Aggression","CRAN: PASWR","1.1","GPL (>= 2)","yes",16,"16",0,FALSE,"0","(paired: violence/noviolence)",1,"ordinal",FALSE,FALSE,"violence/noviolence","ordinal","n/a",,,,,,,,,,,,,,,,,,,,,,,,,,,,,,,,,,,,,,,,"n/a","violence/noviolence (one aggression score stored as one column per condition)","ordinal","documented","Documented: one child randomly selected to view violent shows, matched-pair","TV-violence/aggression matched-pair RCT (Gibbons 1997)","",
"Expanded","Medicine","PASWR::Ratbp","CRAN: PASWR","1.1","GPL (>= 2)","yes",12,"12",0,FALSE,"0","group",1,"continuous",FALSE,FALSE,"Treat/Cont","continuous","n/a",,,,,,,,,,,,,,,,,,,,,,,,,,,,,,,,,,,,,,,,"n/a","Treat/Cont (one blood-pressure outcome in mmHg stored as one column per arm)","continuous","documented","Documented: treatment group chosen at random","Rat blood-pressure drug RCT","",
"Expanded","Medicine","PASWR::Swimtimes","CRAN: PASWR","1.1","GPL (>= 2)","yes",28,"28",0,FALSE,"0","diet",1,"continuous",FALSE,FALSE,"lowfat/highfat","continuous","n/a",,,,,,,,,,,,,,,,,,,,,,,,,,,,,,,,,,,,,,,,"n/a","lowfat/highfat (one swim-time outcome in seconds stored as one column per diet)","continuous","documented","Documented: swimmers randomly assigned to follow one of the diets","Swimmer diet-performance RCT","",
"Expanded","Medicine","PASWR2::EPIDURALF","CRAN: PASWR2","1.0.5","GPL-2","no: GPL-2 only",342,"342",0,FALSE,"0","treatment",1,"count",FALSE,FALSE,"oc","count","n/a",,,,,,,,,,,,,,,,,,,,,,,,,,,,,,,,,,,,,,,,"n/a","oc (obstructive contacts)","count","documented","Documented Fisher et al. (2009) Anesth Analg randomized trial","Epidural sitting-position vs hamstring-stretch RCT","",
"Expanded","Medicine","R4HCR::Acupuncture","CRAN: R4HCR","0.1","MIT + file LICENSE","yes",301,"301",0,FALSE,"0","group",1,"continuous",FALSE,FALSE,"pk5","continuous","n/a",,,,,,,,,,,,,,,,,,,,,,,,,,,,,,,,,,,,,,,,"n/a","pk5 (headache score at one year; change = pk5 − pk1)","continuous","documented","Documented Vickers et al. (2004) BMJ randomized trial","Acupuncture-for-headache RCT","",
"Expanded","Medicine","R4HCR::Facemasks","CRAN: R4HCR","0.1","MIT + file LICENSE","yes",216,"216",0,FALSE,"0","mask comparison (crossover)",1,"continuous",FALSE,FALSE,"delta","continuous","n/a",,,,,,,,,,,,,,,,,,,,,,,,,,,,,,,,,,,,,,,,"n/a","delta (O2 saturation)","continuous","documented","Documented MERIT crossover RCT (Jones et al. 2023 BMJ Open)","Face-mask exercise crossover RCT","",
"Expanded","Medicine","powerSurvEpi::Oph","CRAN: powerSurvEpi","0.1.5","GPL (>= 2)","yes",354,"354",0,FALSE,"0","group",1,"survival",FALSE,TRUE,"times/status","survival","right",,,,,,,,,,,,,,,,,,,,,,,,,,,,,,,,,,,,,,,,"right (assumed; standard administrative/loss-to-follow-up censoring for an RCT time-to-event endpoint unless the trial is documented otherwise -- not individually re-verified per trial in this pass)","times / status","survival","documented","Documented Berson et al. (1993) Arch Ophthalmol randomized trial","Vitamin A/E retinitis-pigmentosa RCT","",
"Expanded","Political Science","pscl::RockTheVote","CRAN: pscl","1.5.9","GPL-2","no: GPL-2 only",85,"85",0,FALSE,"0","treated",1,"proportion",FALSE,FALSE,"r/n","proportion","n/a",,,,,,,,,,,,,,,,,,,,,,,,,,,,,,,,,,,,,,,,"n/a","r / n (turnout)","proportion","documented","Documented Green & Vavreck (2008) cluster-randomized field experiment","Cable-TV voter-mobilization cluster RCT","",
"Expanded","Economics","QDComparison::Microfinance","CRAN: QDComparison","3.0","GPL-2","no: GPL-2 only",6811,"6,811",0,FALSE,"0","x",1,"continuous",FALSE,FALSE,"y","continuous","n/a",,,,,,,,,,,,,,,,,,,,,,,,,,,,,,,,,,,,,,,,"n/a","y (rupees borrowed)","continuous","documented","Documented Banerjee et al. (2015) AEJ:Applied randomized evaluation","Microfinance-access RCT, Hyderabad","",
"Expanded","Medicine","quantreg::uis","CRAN: quantreg","6.1","GPL (>= 2)","yes",575,"575",0,FALSE,"0","TREAT",1,"survival",FALSE,TRUE,"TIME/CENSOR","survival","right",,,,,,,,,,,,,,,,,,,,,,,,,,,,,,,,,,,,,,,,"right (assumed; standard administrative/loss-to-follow-up censoring for an RCT time-to-event endpoint unless the trial is documented otherwise -- not individually re-verified per trial in this pass)","TIME / CENSOR","survival","documented","Documented: 'Treatment Randomization Assignment' field, UIS drug-treatment trial","UIS drug-treatment RCT","",
"Expanded","Public Health","RCT2::india","CRAN: RCT2","0.0.1","GPL (>= 2)","yes",10072,"10,072",0,FALSE,"0","Z",1,"continuous",FALSE,FALSE,"Y","continuous","n/a",,,,,,,,,,,,,,,,,,,,,,,,,,,,,,,,,,,,,,,,"n/a","Y (hospital expenditure)","continuous","documented","Documented real two-stage randomized village health-intervention field experiment","Village health-intervention RCT, India","DistrictId",2
"Expanded","Economics","RCT2::jd","CRAN: RCT2","0.0.1","GPL (>= 2)","yes",13103,"13,103",0,FALSE,"0","assigned",2,"incidence",TRUE,FALSE,"emploidur","incidence","n/a","cdi","incidence","n/a",,,,,,,,,,,,,,,,,,,,,,,,,,,,,,,,,,,,,"n/a","emploidur, cdi","incidence","documented","Documented real two-stage randomized labor-market field experiment, France","Labor-market job-placement RCT, France","",
"Expanded","Medicine","RESIDE::IST","CRAN: RESIDE","0.4.0","GPL (>= 3)","yes",19435,"19,435",0,FALSE,"0","RXASP / RXHEP",3,"incidence",TRUE,FALSE,"DDEAD","incidence","n/a","FDEAD","incidence","n/a","FDENNIS","incidence","n/a",,,,,,,,,,,,,,,,,,,,,,,,,,,,,,,,,,"n/a","DDEAD (dead at 14 days), FDEAD (dead at 6 months), FDENNIS (dependent at 6 months)","incidence","documented","Documented International Stroke Trial, large randomized aspirin/heparin trial","International Stroke Trial (IST)","HOSPNUM",466
"Expanded","Medicine","Rfit::quail","CRAN: Rfit","0.27.0","GPL (>= 2)","yes",39,"39",0,FALSE,"0","treat (4-level)",1,"continuous",FALSE,FALSE,"ldl","continuous","n/a",,,,,,,,,,,,,,,,,,,,,,,,,,,,,,,,,,,,,,,,"n/a","ldl","continuous","documented","Documented: 39 quail randomized to one of four cholesterol-lowering treatments","Quail cholesterol-treatment RCT","",
"Expanded","Engineering","Rlab::magnet","CRAN: Rlab","4.0","GPL (>= 2)","yes",6,"6",0,FALSE,"0","volt (2-level, blocked)",1,"continuous",FALSE,FALSE,"force","continuous","n/a",,,,,,,,,,,,,,,,,,,,,,,,,,,,,,,,,,,,,,,,"n/a","force","continuous","documented","Documented randomized complete block electromagnet physics experiment","Electromagnet physics RCBD","",
"Expanded","Education","randomizationInference::reading","CRAN: randomizationInference","1.0.4","GPL-2","no: GPL-2 only",66,"66",0,FALSE,"0","Group (3-level)",1,"continuous",FALSE,FALSE,"Post1","continuous","n/a",,,,,,,,,,,,,,,,,,,,,,,,,,,,,,,,,,,,,,,,"n/a","Post1 (Diff1 = Post1 − Pre1)","continuous","documented","Documented: 66 students randomly assigned to one of three reading-comprehension methods","Reading-comprehension teaching-method RCT","",
"Expanded","Medicine","RPEXE.RPEXT::data2","CRAN: RPEXE.RPEXT","0.0.2","GPL-3","yes",118,"118",0,FALSE,"0","group",1,"survival",FALSE,TRUE,"V1/V2","survival","right",,,,,,,,,,,,,,,,,,,,,,,,,,,,,,,,,,,,,,,,"right (assumed; standard administrative/loss-to-follow-up censoring for an RCT time-to-event endpoint unless the trial is documented otherwise -- not individually re-verified per trial in this pass)","V1/V2 (time / censoring indicator; V3 is the group)","survival","documented","Documented Randomized Phase II Trial (Adelson et al. 2016)","Phase II oncology RCT","",
"Expanded","Public Health","rqlm::mch","CRAN: rqlm","4.5-1","GPL-3","yes",500,"500",0,FALSE,"0","x",2,"count;incidence",FALSE,FALSE,"Y","count","n/a","y","incidence","n/a",,,,,,,,,,,,,,,,,,,,,,,,,,,,,,,,,,,,,"n/a","Y; y","count + incidence","documented","Documented cluster-randomized trial (Mori et al. 2015 PLoS One)","Cluster-RCT, 18 clusters","",
"Expanded","Education","s20x::teach.df","CRAN: s20x","3.1-10","GPL (>= 2)","yes",30,"30",0,FALSE,"0","method",1,"continuous",FALSE,FALSE,"lang","continuous","n/a",,,,,,,,,,,,,,,,,,,,,,,,,,,,,,,,,,,,,,,,"n/a","lang","continuous","documented","Documented: randomly allocated into three groups","Teaching-method RCT","",
"Expanded","Medicine","s20x::thyroid.df","CRAN: s20x","3.1-10","GPL (>= 2)","yes",16,"16",0,FALSE,"0","group",1,"continuous",FALSE,FALSE,"thyroid","continuous","n/a",,,,,,,,,,,,,,,,,,,,,,,,,,,,,,,,,,,,,,,,"n/a","thyroid","continuous","documented","Documented: randomly assigned","Thyroid treatment RCT","",
"Expanded","Medicine","sanon::cpain","CRAN: sanon","1.6","GPL (>= 2)","yes",193,"193",0,FALSE,"0","treat",1,"ordinal",FALSE,FALSE,"response","ordinal","n/a",,,,,,,,,,,,,,,,,,,,,,,,,,,,,,,,,,,,,,,,"n/a","response (5-level)","ordinal","documented","Documented multicenter randomized clinical trial","Chronic-pain multicenter RCT","center",2
"Expanded","Medicine","sanon::sebor","CRAN: sanon","1.6","GPL (>= 2)","yes",167,"167",0,FALSE,"0","treat",3,"ordinal",FALSE,FALSE,"score1","ordinal","n/a","score2","ordinal","n/a","score3","ordinal","n/a",,,,,,,,,,,,,,,,,,,,,,,,,,,,,,,,,,"n/a","score1, score2, score3 (6-level)","ordinal","documented","Documented randomized clinical trial","Seborrhea treatment RCT","center",8
"Expanded","Medicine","sanon::skin","CRAN: sanon","1.6","GPL (>= 2)","yes",172,"172",0,FALSE,"0","treat",3,"ordinal",FALSE,FALSE,"res1","ordinal","n/a","res2","ordinal","n/a","res3","ordinal","n/a",,,,,,,,,,,,,,,,,,,,,,,,,,,,,,,,,,"n/a","res1, res2, res3 (5-level)","ordinal","documented","Documented randomized clinical trial","Skin-condition treatment RCT","center",6
"Expanded","Engineering","scidesignR::silkdat","CRAN: scidesignR","1.0.0","CC BY 4.0","yes, with attribution (CC BY 4.0)",48,"48",0,FALSE,"0","N/A -- 4-factor DOE",2,"continuous",FALSE,FALSE,"mass_change","continuous","n/a","removed_sericin_pct","continuous","n/a",,,,,,,,,,,,,,,,,,,,,,,,,,,,,,,,,,,,,"n/a","mass_change, removed_sericin_pct","continuous","documented","Documented: randomized run number (Bucciarelli et al. 2021)","Silk-processing factorial DOE","",
"Expanded","Psychology","SingleCaseES::Kelley2015","CRAN: SingleCaseES","0.7.1","GPL-3","yes",54,"54",0,FALSE,"0","condition",1,"continuous",FALSE,FALSE,"post","continuous","n/a",,,,,,,,,,,,,,,,,,,,,,,,,,,,,,,,,,,,,,,,"n/a","post (pre is the baseline)","continuous","documented","Documented randomized control trial","Kelley (2015) intervention RCT","",
"Expanded","Engineering","SixSigma::ss.data.doe1","CRAN: SixSigma","0.11.1","GPL (>= 2)","yes",16,"16",0,FALSE,"0","N/A -- 3-factor DOE",1,"continuous",FALSE,FALSE,"score","continuous","n/a",,,,,,,,,,,,,,,,,,,,,,,,,,,,,,,,,,,,,,,,"n/a","score","continuous","documented","Documented factorial DOE with randomized order","Six Sigma factorial DOE","",
"Expanded","Statistics Education","Sleuth2::case0101","CRAN: Sleuth2","2.0-7","GPL (>= 2)","yes",47,"47",0,FALSE,"0","Treatment",1,"continuous",FALSE,FALSE,"Score","continuous","n/a",,,,,,,,,,,,,,,,,,,,,,,,,,,,,,,,,,,,,,,,"n/a","Score","continuous","documented","Documented real randomized experiment (Statistical Sleuth textbook case)","Statistical Sleuth case0101 RCT","",
"Expanded","Environmental Science","Sleuth2::case0301","CRAN: Sleuth2","2.0-7","GPL (>= 2)","yes",52,"52",0,FALSE,"0","Treatment",1,"continuous",FALSE,FALSE,"Rainfall","continuous","n/a",,,,,,,,,,,,,,,,,,,,,,,,,,,,,,,,,,,,,,,,"n/a","Rainfall","continuous","documented","Documented real randomized cloud-seeding experiment (Sleuth textbook)","Statistical Sleuth case0301 RCT","",
"Expanded","Statistics Education","Sleuth2::case0402","CRAN: Sleuth2","2.0-7","GPL (>= 2)","yes",28,"28",0,FALSE,"0","Treatmt",1,"survival",FALSE,TRUE,"Time/Censor","survival","right",,,,,,,,,,,,,,,,,,,,,,,,,,,,,,,,,,,,,,,,"right (assumed; standard administrative/loss-to-follow-up censoring for an RCT time-to-event endpoint unless the trial is documented otherwise -- not individually re-verified per trial in this pass)","Time/Censor","survival","documented","Documented real randomized experiment (Sleuth textbook)","Statistical Sleuth case0402 RCT","",
"Expanded","Medicine","Sleuth2::case0501","CRAN: Sleuth2","2.0-7","GPL (>= 2)","yes",349,"349",0,FALSE,"0","Diet (6-level)",1,"continuous",FALSE,FALSE,"Lifetime","continuous","n/a",,,,,,,,,,,,,,,,,,,,,,,,,,,,,,,,,,,,,,,,"n/a","Lifetime","continuous","documented","Documented real randomized diet-longevity experiment (Sleuth textbook)","Statistical Sleuth case0501 RCT","",
"Expanded","Statistics Education","Sleuth2::case0601","CRAN: Sleuth2","2.0-7","GPL (>= 2)","yes",70,"70",0,FALSE,"0","Handicap (5-level)",1,"continuous",FALSE,FALSE,"Score","continuous","n/a",,,,,,,,,,,,,,,,,,,,,,,,,,,,,,,,,,,,,,,,"n/a","Score","continuous","documented","Documented real randomized experiment (Sleuth textbook)","Statistical Sleuth case0601 RCT","",
"Expanded","Agriculture","Sleuth2::case1301","CRAN: Sleuth2","2.0-7","GPL (>= 2)","yes",96,"96",0,FALSE,"0","Treat (6-level) / Block",1,"proportion",FALSE,FALSE,"Cover","proportion","n/a",,,,,,,,,,,,,,,,,,,,,,,,,,,,,,,,,,,,,,,,"n/a","Cover","proportion","documented","Documented real randomized block field experiment (Sleuth textbook)","Statistical Sleuth case1301 RCT","",
"Expanded","Statistics Education","Sleuth2::case1302","CRAN: Sleuth2","2.0-7","GPL (>= 2)","yes",29,"29",0,FALSE,"0","Treat / Company (block)",1,"continuous",FALSE,FALSE,"Score","continuous","n/a",,,,,,,,,,,,,,,,,,,,,,,,,,,,,,,,,,,,,,,,"n/a","Score","continuous","documented","Documented real randomized block experiment (Sleuth textbook)","Statistical Sleuth case1302 RCT","",
"Expanded","Statistics Education","Sleuth2::case1402","CRAN: Sleuth2","2.0-7","GPL (>= 2)","yes",30,"30",0,FALSE,"0","N/A -- 3-factor",2,"continuous",FALSE,FALSE,"Forrest","continuous","n/a","William","continuous","n/a",,,,,,,,,,,,,,,,,,,,,,,,,,,,,,,,,,,,,"n/a","Forrest, William (yields of two soybean cultivars)","continuous","documented","Documented real randomized factorial experiment (Sleuth textbook)","Statistical Sleuth case1402 RCT","",
"Expanded","Statistics Education","Sleuth2::case1602","CRAN: Sleuth2","2.0-7","GPL (>= 2)","yes",20,"20",0,FALSE,"0","Order (crossover)",1,"continuous",FALSE,FALSE,"Hifiber/Lofiber","continuous","n/a",,,,,,,,,,,,,,,,,,,,,,,,,,,,,,,,,,,,,,,,"n/a","Hifiber/Lofiber (one cholesterol outcome stored as one column per crossover period)","continuous","documented","Documented real randomized crossover experiment (Sleuth textbook)","Statistical Sleuth case1602 RCT","",
"Expanded","Statistics Education","Sleuth3::ex0112","CRAN: Sleuth3","1.0-6","GPL (>= 2)","yes",14,"14",0,FALSE,"0","Diet",1,"continuous",FALSE,FALSE,"BP","continuous","n/a",,,,,,,,,,,,,,,,,,,,,,,,,,,,,,,,,,,,,,,,"n/a","BP","continuous","documented","Documented real randomized experiment (Sleuth textbook)","Statistical Sleuth ex0112 RCT","",
"Expanded","Statistics Education","Sleuth3::ex0211","CRAN: Sleuth3","1.0-6","GPL (>= 2)","yes",122,"122",0,FALSE,"0","Group",1,"survival",FALSE,TRUE,"Lifetime","survival","right",,,,,,,,,,,,,,,,,,,,,,,,,,,,,,,,,,,,,,,,"right (assumed; standard administrative/loss-to-follow-up censoring for an RCT time-to-event endpoint unless the trial is documented otherwise -- not individually re-verified per trial in this pass)","Lifetime","survival","documented","Documented real randomized experiment (Sleuth textbook)","Statistical Sleuth ex0211 RCT","",
"Expanded","Medicine","Sleuth3::ex0331","CRAN: Sleuth3","1.0-6","GPL (>= 2)","yes",36,"36",0,FALSE,"0","Supplement",0,"proportion",FALSE,FALSE,,,,,,,,,,,,,,,,,,,,,,,,,,,,,,,,,,,,,,,,,,,"n/a","not in the loaded file (it holds Subject, Educ, Income2005, an observational income table, not the iron-supplement experiment)","proportion","documented","Documented real randomized supplement experiment (Sleuth textbook)","Statistical Sleuth ex0331 RCT","",
"Expanded","Statistics Education","Sleuth2::ex0429","CRAN: Sleuth2","2.0-7","GPL (>= 2)","yes",12,"12",0,FALSE,"0","Exercise",1,"continuous",FALSE,FALSE,"Age","continuous","n/a",,,,,,,,,,,,,,,,,,,,,,,,,,,,,,,,,,,,,,,,"n/a","Age","continuous","documented","Documented real randomized experiment (Sleuth textbook)","Statistical Sleuth ex0429 RCT","",
"Expanded","Statistics Education","Sleuth3::ex0431","CRAN: Sleuth3","1.0-6","GPL (>= 2)","yes",58,"58",0,FALSE,"0","Group",1,"survival",FALSE,TRUE,"Survival/Censor","survival","right",,,,,,,,,,,,,,,,,,,,,,,,,,,,,,,,,,,,,,,,"right (assumed; standard administrative/loss-to-follow-up censoring for an RCT time-to-event endpoint unless the trial is documented otherwise -- not individually re-verified per trial in this pass)","Survival/Censor","survival","documented","Documented real randomized experiment (Sleuth textbook)","Statistical Sleuth ex0431 RCT","",
"Expanded","Statistics Education","Sleuth3::ex0432","CRAN: Sleuth3","1.0-6","GPL (>= 2)","yes",15,"15",0,FALSE,"0","crossover",1,"count",FALSE,FALSE,"Marijuana/Placebo","count","n/a",,,,,,,,,,,,,,,,,,,,,,,,,,,,,,,,,,,,,,,,"n/a","Marijuana/Placebo (one outcome stored as one column per crossover period)","count","documented","Documented real randomized crossover experiment (Sleuth textbook)","Statistical Sleuth ex0432 RCT","",
"Expanded","Statistics Education","Sleuth3::ex0518","CRAN: Sleuth3","1.0-6","GPL (>= 2)","yes",30,"30",0,FALSE,"0","Treatment (6) / Day",1,"continuous",FALSE,FALSE,"Protein","continuous","n/a",,,,,,,,,,,,,,,,,,,,,,,,,,,,,,,,,,,,,,,,"n/a","Protein","continuous","documented","Documented real randomized block experiment (Sleuth textbook)","Statistical Sleuth ex0518 RCT","",
"Expanded","Statistics Education","Sleuth3::ex1014","CRAN: Sleuth3","1.0-6","GPL (>= 2)","yes",25,"25",0,FALSE,"0","Cu x Zn",1,"continuous",FALSE,FALSE,"Protein","continuous","n/a",,,,,,,,,,,,,,,,,,,,,,,,,,,,,,,,,,,,,,,,"n/a","Protein","continuous","documented","Documented real randomized factorial experiment (Sleuth textbook)","Statistical Sleuth ex1014 RCT","",
"Expanded","Entomology","smbdata::beetles","CRAN: smbdata","0.2.0","GPL (>= 3)","yes",40,"40",0,FALSE,"0","Treatment (4)",1,"count",FALSE,FALSE,"Eggs","count","n/a",,,,,,,,,,,,,,,,,,,,,,,,,,,,,,,,,,,,,,,,"n/a","Eggs","count","documented","Documented: completely randomized experiment","Beetle-egg-laying CRD experiment","",
"Expanded","Ecology","smbdata::biomassc","CRAN: smbdata","0.2.0","GPL (>= 3)","yes",48,"48",0,FALSE,"0","N/A -- 2x3x2 factorial",1,"continuous",FALSE,FALSE,"C","continuous","n/a",,,,,,,,,,,,,,,,,,,,,,,,,,,,,,,,,,,,,,,,"n/a","C","continuous","documented","Documented randomized factorial biomass experiment","Biomass carbon factorial DOE","",
"Expanded","Agriculture","smbdata::calcium","CRAN: smbdata","0.2.0","GPL (>= 3)","yes",20,"20",0,FALSE,"0","Calcium (4)",1,"continuous",FALSE,FALSE,"Length","continuous","n/a",,,,,,,,,,,,,,,,,,,,,,,,,,,,,,,,,,,,,,,,"n/a","Length","continuous","documented","Documented randomized calcium-dose experiment","Calcium-dose growth RCT","",
"Expanded","Engineering","smbdata::calibrate","CRAN: smbdata","0.2.0","GPL (>= 3)","yes",24,"24",0,FALSE,"0","Prep x Conc",1,"continuous",FALSE,FALSE,"Absorbance","continuous","n/a",,,,,,,,,,,,,,,,,,,,,,,,,,,,,,,,,,,,,,,,"n/a","Absorbance","continuous","documented","Documented randomized calibration factorial experiment","Chemistry calibration factorial DOE","",
"Expanded","Agriculture","smbdata::cotton","CRAN: smbdata","0.2.0","GPL (>= 3)","yes",25,"25",0,FALSE,"0","Herbicide x Insecticide",1,"continuous",FALSE,FALSE,"Weight","continuous","n/a",,,,,,,,,,,,,,,,,,,,,,,,,,,,,,,,,,,,,,,,"n/a","Weight","continuous","documented","Documented randomized agricultural factorial experiment","Cotton herbicide/insecticide factorial DOE","",
"Expanded","Agriculture","smbdata::cuttings","CRAN: smbdata","0.2.0","GPL (>= 3)","yes",25,"25",0,FALSE,"0","Type (5) / Size (3), blocked",1,"continuous",FALSE,FALSE,"Yield","continuous","n/a",,,,,,,,,,,,,,,,,,,,,,,,,,,,,,,,,,,,,,,,"n/a","Yield","continuous","documented","Documented randomized block experiment","Plant-cutting-type RCBD","",
"Expanded","Genetics","smbdata::demethylation","CRAN: smbdata","0.2.0","GPL (>= 3)","yes",24,"24",0,FALSE,"0","Dose (6)",1,"proportion",FALSE,FALSE,"Normal/Total","proportion","n/a",,,,,,,,,,,,,,,,,,,,,,,,,,,,,,,,,,,,,,,,"n/a","Normal / Total","proportion","documented","Documented randomized dose-response experiment","Demethylation dose-response RCT","",
"Expanded","Agriculture","smbdata::forage","CRAN: smbdata","0.2.0","GPL (>= 3)","yes",12,"12",0,FALSE,"0","N (4), blocked",1,"continuous",FALSE,FALSE,"Yield","continuous","n/a",,,,,,,,,,,,,,,,,,,,,,,,,,,,,,,,,,,,,,,,"n/a","Yield","continuous","documented","Documented randomized block forage-nitrogen trial","Forage nitrogen RCBD","",
"Expanded","Agriculture","smbdata::heights","CRAN: smbdata","0.2.0","GPL (>= 3)","yes",24,"24",0,FALSE,"0","Dose (6)",1,"continuous",FALSE,FALSE,"Height","continuous","n/a",,,,,,,,,,,,,,,,,,,,,,,,,,,,,,,,,,,,,,,,"n/a","Height","continuous","documented","Documented randomized dose-response growth trial","Plant-height dose-response RCT","",
"Expanded","Agriculture","smbdata::herbicide","CRAN: smbdata","0.2.0","GPL (>= 3)","yes",135,"135",0,FALSE,"0","Herbicide (3), blocked",1,"continuous",FALSE,FALSE,"Fwt","continuous","n/a",,,,,,,,,,,,,,,,,,,,,,,,,,,,,,,,,,,,,,,,"n/a","Fwt","continuous","documented","Documented randomized block herbicide trial","Herbicide RCBD field trial","",
"Expanded","Entomology","smbdata::ladybird","CRAN: smbdata","0.2.0","GPL (>= 3)","yes",72,"72",0,FALSE,"0","Host x Cadaver x Ladybird",1,"proportion",FALSE,FALSE,"Infected/Live","proportion","n/a",,,,,,,,,,,,,,,,,,,,,,,,,,,,,,,,,,,,,,,,"n/a","Infected/Live","proportion","documented","Documented randomized factorial entomology experiment","Ladybird-infection factorial DOE","",
"Expanded","Agriculture","smbdata::lupintrial","CRAN: smbdata","0.2.0","GPL (>= 3)","yes",42,"42",0,FALSE,"0","Line (14), blocked",1,"continuous",FALSE,FALSE,"OilYield","continuous","n/a",,,,,,,,,,,,,,,,,,,,,,,,,,,,,,,,,,,,,,,,"n/a","OilYield","continuous","documented","Documented randomized block lupin field trial","Lupin oil-yield RCBD","",
"Expanded","Agriculture","smbdata::potato","CRAN: smbdata","0.2.0","GPL (>= 3)","yes",20,"20",0,FALSE,"0","Fungicide (5), blocked",1,"continuous",FALSE,FALSE,"Yield","continuous","n/a",,,,,,,,,,,,,,,,,,,,,,,,,,,,,,,,,,,,,,,,"n/a","Yield","continuous","documented","Documented randomized block potato-fungicide trial","Potato fungicide RCBD","",
"Expanded","Ecology","smbdata::prey","CRAN: smbdata","0.2.0","GPL (>= 3)","yes",60,"60",0,FALSE,"0","Sex x Prey, blocked",1,"proportion",FALSE,FALSE,"Eaten/Total","proportion","n/a",,,,,,,,,,,,,,,,,,,,,,,,,,,,,,,,,,,,,,,,"n/a","Eaten / Total","proportion","documented","Documented randomized block predation experiment","Predation-rate factorial RCBD","",
"Expanded","Agriculture","smbdata::tgw","CRAN: smbdata","0.2.0","GPL (>= 3)","yes",24,"24",0,FALSE,"0","Trt (2x2)",1,"continuous",FALSE,FALSE,"TGW","continuous","n/a",,,,,,,,,,,,,,,,,,,,,,,,,,,,,,,,,,,,,,,,"n/a","TGW","continuous","documented","Documented randomized factorial grain-weight trial","Thousand-grain-weight factorial DOE","",
"Expanded","Engineering","smbdata::voltage","CRAN: smbdata","0.2.0","GPL (>= 3)","yes",18,"18",0,FALSE,"0","Voltage (9), blocked",1,"continuous",FALSE,FALSE,"Km","continuous","n/a",,,,,,,,,,,,,,,,,,,,,,,,,,,,,,,,,,,,,,,,"n/a","Km","continuous","documented","Documented randomized block voltage experiment","Voltage-response RCBD","",
"Expanded","Education","SMPracticals::arithmetic","CRAN: SMPracticals","1.4-3","GPL (>= 2)","yes",45,"45",0,FALSE,"0","group (5)",1,"continuous",FALSE,FALSE,"y","continuous","n/a",,,,,,,,,,,,,,,,,,,,,,,,,,,,,,,,,,,,,,,,"n/a","y","continuous","documented","Documented: divided at random into 5 groups","Arithmetic-teaching-method RCT","",
"Expanded","Statistics Education","SMPracticals::cake","CRAN: SMPracticals","1.4-3","GPL (>= 2)","yes",270,"270",0,FALSE,"0","temp (cooking temperature)",1,"continuous",FALSE,FALSE,"y","continuous","n/a",,,,,,,,,,,,,,,,,,,,,,,,,,,,,,,,,,,,,,,,"n/a","y (breaking angle)","continuous","documented","Documented Cochran & Cox (1959): randomly allocated to be cooked at different temperatures","Cake-baking split-plot RCT (canonical; also appears as faraway::choccake)","",
"Expanded","Education","SMPracticals::marking","CRAN: SMPracticals","1.4-3","GPL (>= 2)","yes",32,"32",0,FALSE,"0","Original (proxy random assignment)",1,"continuous",FALSE,FALSE,"y","continuous","n/a",,,,,,,,,,,,,,,,,,,,,,,,,,,,,,,,,,,,,,,,"n/a","y (mark out of 80)","continuous","documented","Documented Lindley (1961): one script taken at random from each batch","Exam-marking randomization experiment","",
"Expanded","Engineering","SMPracticals::shoe","CRAN: SMPracticals","1.4-3","GPL (>= 2)","yes",20,"20",0,FALSE,"0","material",1,"continuous",FALSE,FALSE,"y","continuous","n/a",,,,,,,,,,,,,,,,,,,,,,,,,,,,,,,,,,,,,,,,"n/a","y (wear)","continuous","documented","Documented: materials allocated randomly to left/right feet, paired","Shoe-material wear paired RCT","",
"Expanded","Agriculture","SMPracticals::teak","CRAN: SMPracticals","1.4-3","GPL (>= 2)","yes",24,"24",0,FALSE,"0","Plant (2) x Root (3), blocked",1,"continuous",FALSE,FALSE,"y","continuous","n/a",,,,,,,,,,,,,,,,,,,,,,,,,,,,,,,,,,,,,,,,"n/a","y (height)","continuous","documented","Documented randomised blocks","Teak-propagation RCBD","",
"Expanded","Agriculture","SpATS::wheatdata","CRAN: SpATS","1.0-19","GPL","yes",330,"330",0,FALSE,"0","geno (107 levels)",1,"continuous",FALSE,FALSE,"yield","continuous","n/a",,,,,,,,,,,,,,,,,,,,,,,,,,,,,,,,,,,,,,,,"n/a","yield","continuous","documented","Documented Gilmour et al. (1997) randomized complete block wheat trial","South Australia wheat RCBD","",
"Expanded","Public Health","splmm::cognitive","CRAN: splmm","1.2.0","GPL-3","yes",1562,"1,562",0,FALSE,"0","treatment (cluster-randomized by school)",4,"continuous",FALSE,FALSE,"ravens","continuous","n/a","arithmetic","continuous","n/a","vmeaning","continuous","n/a","dstotal","continuous","n/a",,,,,,,,,,,,,,,,,,,,,,,,,,,,,,,"n/a","ravens, arithmetic, vmeaning, dstotal","continuous","documented","Documented: three schools randomized to each group, Kenya school-lunch intervention","Kenya school-lunch nutrition cluster-RCT","schoolid",12
"Expanded","Medicine","SRMData::Jumping","CRAN: SRMData","1.0.2","GPL (>= 2)","yes",80,"80",0,FALSE,"0","Shoes vs Barefoot",1,"continuous",FALSE,FALSE,"Shoes/Barefoot","continuous","n/a",,,,,,,,,,,,,,,,,,,,,,,,,,,,,,,,,,,,,,,,"n/a","Shoes/Barefoot (one jumping distance stored as one column per crossover condition)","continuous","documented","Documented Randomized Cross-Over Study","Barefoot-vs-shoes jumping crossover RCT","",
"Expanded","Medicine","SRMData::SixMWT","CRAN: SRMData","1.0.2","GPL (>= 2)","yes",50,"50",0,FALSE,"0","Dist20 vs Dist30 (crossover)",1,"continuous",FALSE,FALSE,"Dist20/Dist30","continuous","n/a",,,,,,,,,,,,,,,,,,,,,,,,,,,,,,,,,,,,,,,,"n/a","Dist20/Dist30 (one walk distance stored as one column per crossover condition)","continuous","documented","Documented randomized crossover study","Six-minute walk-test crossover RCT","",
"Expanded","Statistics Education","Stat2Data::Alfalfa","CRAN: Stat2Data","2.0.0","GPL-3","yes",15,"15",0,FALSE,"0","Acid (3), blocked by Row",1,"continuous",FALSE,FALSE,"Ht4","continuous","n/a",,,,,,,,,,,,,,,,,,,,,,,,,,,,,,,,,,,,,,,,"n/a","Ht4","continuous","documented","Documented: randomly chose five to get plain water (etc.)","Alfalfa-acid RCBD classroom experiment","",
"Expanded","Engineering","Stat2Data::AutoPollution","CRAN: Stat2Data","2.0.0","GPL-3","yes",36,"36",0,FALSE,"0","Type (filter)",1,"continuous",FALSE,FALSE,"Noise","continuous","n/a",,,,,,,,,,,,,,,,,,,,,,,,,,,,,,,,,,,,,,,,"n/a","Noise","continuous","documented","Documented: cars randomly assigned to get new filter or standard filter","Auto-filter noise RCT","",
"Expanded","Medicine","Stat2Data::CalciumBP","CRAN: Stat2Data","2.0.0","GPL-3","yes",21,"21",0,FALSE,"0","Treatment (Calcium/Placebo)",1,"continuous",FALSE,FALSE,"Decrease","continuous","n/a",,,,,,,,,,,,,,,,,,,,,,,,,,,,,,,,,,,,,,,,"n/a","Decrease (BP)","continuous","documented","Documented: each randomly assigned to treatment or control group","Calcium/blood-pressure RCT","",
"Expanded","Medicine","Stat2Data::Contraceptives","CRAN: Stat2Data","2.0.0","GPL-3","yes",44,"44",0,FALSE,"0","Treatment (crossover)",1,"continuous",FALSE,FALSE,"EE","continuous","n/a",,,,,,,,,,,,,,,,,,,,,,,,,,,,,,,,,,,,,,,,"n/a","EE","continuous","documented","Documented: allocated randomly to one of two treatment sequences","Contraceptive-drug crossover RCT","",
"Expanded","Medicine","Stat2Data::CrackerFiber","CRAN: Stat2Data","2.0.0","GPL-3","yes",48,"48",0,FALSE,"0","Fiber (4), crossover, randomized order",1,"continuous",FALSE,FALSE,"Calories","continuous","n/a",,,,,,,,,,,,,,,,,,,,,,,,,,,,,,,,,,,,,,,,"n/a","Calories","continuous","documented","Documented randomized-order crossover trial","Cracker-fiber caloric-intake crossover RCT","",
"Expanded","Entomology","Stat2Data::FruitFlies2","CRAN: Stat2Data","2.0.0","GPL-3","yes",201,"201",0,FALSE,"0","Mated / Alone",2,"continuous",FALSE,FALSE,"Lifespan","continuous","n/a","Activity","continuous","n/a",,,,,,,,,,,,,,,,,,,,,,,,,,,,,,,,,,,,,"n/a","Lifespan, Activity","continuous","documented","Documented: randomly assigned / randomly allocated","Fruit-fly mating-lifespan RCT","",
"Expanded","Entomology","Stat2Data::FruitFlies","CRAN: Stat2Data","2.0.0","GPL-3","yes",125,"125",0,FALSE,"0","Treatment (5 groups)",1,"continuous",FALSE,FALSE,"Longevity","continuous","n/a",,,,,,,,,,,,,,,,,,,,,,,,,,,,,,,,,,,,,,,,"n/a","Longevity","continuous","documented","Documented Hanley & Shapiro (1994) classic fruit-fly longevity study","Fruit-fly longevity RCT","",
"Expanded","Medicine","Stat2Data::Meniscus","CRAN: Stat2Data","2.0.0","GPL-3","yes",18,"18",0,FALSE,"0","Method (3 repair methods)",3,"continuous",FALSE,FALSE,"FailureLoad","continuous","n/a","Displacement","continuous","n/a","Stiffness","continuous","n/a",,,,,,,,,,,,,,,,,,,,,,,,,,,,,,,,,,"n/a","FailureLoad, Displacement, Stiffness","continuous","documented","Documented: randomly assigned to one of three treatments","Meniscus-repair biomechanics RCT","",
"Expanded","Psychology","Stat2Data::Milgram","CRAN: Stat2Data","2.0.0","GPL-3","yes",37,"37",0,FALSE,"0","Results (3 vignette groups)",1,"continuous",FALSE,FALSE,"Score","continuous","n/a",,,,,,,,,,,,,,,,,,,,,,,,,,,,,,,,,,,,,,,,"n/a","Score (ethics rating)","continuous","documented","Documented: 'using chance,' each teacher assigned to one of three treatment groups","Milgram-vignette ethics-rating survey RCT","",
"Expanded","Psychology","Stat2Data::MusicTime","CRAN: Stat2Data","2.0.0","GPL-3","yes",60,"60",0,FALSE,"0","Music (3 conditions), within-subject",2,"continuous",FALSE,FALSE,"TimeGuess","continuous","n/a","Accuracy","continuous","n/a",,,,,,,,,,,,,,,,,,,,,,,,,,,,,,,,,,,,,"n/a","TimeGuess, Accuracy","continuous","documented","Documented: order randomized for each participant","Music-condition time-perception RCT","",
"Expanded","Agriculture","Stat2Data::PigFeed","CRAN: Stat2Data","2.0.0","GPL-3","yes",12,"12",0,FALSE,"0","Antibiotic x B12 (2x2)",1,"continuous",FALSE,FALSE,"WgtGain","continuous","n/a",,,,,,,,,,,,,,,,,,,,,,,,,,,,,,,,,,,,,,,,"n/a","WgtGain","continuous","documented","Documented: scientist randomly assigned 12 pigs","Pig-feed factorial RCT","",
"Expanded","Statistics Education","Stat2Data::Popcorn","CRAN: Stat2Data","2.0.0","GPL-3","yes",12,"12",0,FALSE,"0","Brand",1,"continuous",FALSE,FALSE,"Unpopped","continuous","n/a",,,,,,,,,,,,,,,,,,,,,,,,,,,,,,,,,,,,,,,,"n/a","Unpopped","continuous","documented","Documented: randomly chose which brand would go first","Popcorn-brand comparison RCT","",
"Expanded","Entomology","Stat2Data::SandwichAnts","CRAN: Stat2Data","2.0.0","GPL-3","yes",48,"48",0,FALSE,"0","Bread x Filling x Butter",1,"count",FALSE,FALSE,"Ants","count","n/a",,,,,,,,,,,,,,,,,,,,,,,,,,,,,,,,,,,,,,,,"n/a","Ants","count","documented","Documented randomized factorial design","Sandwich-ant-attraction factorial DOE","",
"Expanded","Economics","Stat2Data::TipJoke","CRAN: Stat2Data","2.0.0","GPL-3","yes",211,"211",0,FALSE,"0","Card (Ad/Joke/None)",1,"incidence",TRUE,FALSE,"Tip","incidence","n/a",,,,,,,,,,,,,,,,,,,,,,,,,,,,,,,,,,,,,,,,"n/a","Tip","incidence","documented","Documented: waiter randomly assigned coffee-ordering customers","Restaurant tip-card RCT","",
"Expanded","Medicine","Stat2Data::WeightLossIncentive","CRAN: Stat2Data","2.0.0","GPL-3","yes",38,"38",0,FALSE,"0","Group (Control/Incentive)",2,"continuous",FALSE,FALSE,"WeightLoss","continuous","n/a","Month7Loss","continuous","n/a",,,,,,,,,,,,,,,,,,,,,,,,,,,,,,,,,,,,,"n/a","WeightLoss, Month7Loss","continuous","documented","Documented randomized trial, financial incentives (JAMA 2008)","Weight-loss financial-incentive RCT","",
"Expanded","Psychology","Stat2Data::WordMemory","CRAN: Stat2Data","2.0.0","GPL-3","yes",40,"40",0,FALSE,"0","Abstract x Frequent (2x2, within-subject)",1,"continuous",FALSE,FALSE,"Percent","continuous","n/a",,,,,,,,,,,,,,,,,,,,,,,,,,,,,,,,,,,,,,,,"n/a","Percent (percent recalled)","continuous","documented","Documented: words presented in a randomized order","Word-memory-recall RCT","",
"Expanded","Medicine","stepp::aspirin","CRAN: stepp","3.2.7","GPL (>= 2)","unclear: Polyp Prevention Study Group permission granted to the stepp authors",1121,"1,121",0,FALSE,"0","DOSE (0/81/325mg)",2,"incidence",TRUE,FALSE,"AD","incidence","n/a","AL","incidence","n/a",,,,,,,,,,,,,,,,,,,,,,,,,,,,,,,,,,,,,"n/a","AD, AL (any adenoma; advanced lesion)","incidence","documented","Documented real Polyp Prevention Study aspirin RCT (Baron et al. 2003 NEJM)","Aspirin polyp-prevention RCT","",
"Expanded","Medicine","stepp::bigCI","CRAN: stepp","3.2.7","GPL (>= 2)","unclear: BIG 1-98 / IBCSG permission granted to the stepp authors",2685,"2,685",0,FALSE,"0","trt (letrozole/tamoxifen)",1,"survival",FALSE,TRUE,"event/time","survival","right",,,,,,,,,,,,,,,,,,,,,,,,,,,,,,,,,,,,,,,,"right (assumed; standard administrative/loss-to-follow-up censoring for an RCT time-to-event endpoint unless the trial is documented otherwise -- not individually re-verified per trial in this pass)","event / time","survival","documented","Documented BIG 1-98 randomized breast-cancer trial","BIG 1-98 breast-cancer RCT","",
"Expanded","Medicine","surrosurv::gastadv","CRAN: surrosurv","1.1.27","GPL-2","no: GASTRIC Group research-only conditions (see help page)",4069,"4,069",0,FALSE,"0","trt (control/chemo)",1,"survival",FALSE,TRUE,"timeT/statusT","survival","right",,,,,,,,,,,,,,,,,,,,,,,,,,,,,,,,,,,,,,,,"right (assumed; standard administrative/loss-to-follow-up censoring for an RCT time-to-event endpoint unless the trial is documented otherwise -- not individually re-verified per trial in this pass)","timeT / statusT","survival","documented","Documented pooled patient-level data, 20 real randomized advanced-gastric-cancer trials","Pooled advanced-gastric-cancer RCTs","trialref",20
"Expanded","Medicine","survSAKK::esophagus","CRAN: survSAKK","1.3.3","GPL (>= 2)","yes",297,"297",0,FALSE,"0","arm",1,"survival",FALSE,TRUE,"OS.time/OS.event","survival","right",,,,,,,,,,,,,,,,,,,,,,,,,,,,,,,,,,,,,,,,"right (assumed; standard administrative/loss-to-follow-up censoring for an RCT time-to-event endpoint unless the trial is documented otherwise -- not individually re-verified per trial in this pass)","OS.time / OS.event","survival","documented","Documented SAKK 75/08 phase III randomized trial (Ruhstaller et al. 2018)","SAKK 75/08 esophageal-cancer RCT","",
"Expanded","Medicine","texmex::liver","CRAN: texmex","2.4.8","GPL (>= 2)","yes",606,"606",0,FALSE,"0","dose (A/B/C/D)",4,"continuous",FALSE,FALSE,"ALT.M","continuous","n/a","AST.M","continuous","n/a","ALP.M","continuous","n/a","TBL.M","continuous","n/a",,,,,,,,,,,,,,,,,,,,,,,,,,,,,,,"n/a","ALT.M, AST.M, ALP.M, TBL.M","continuous","documented","Documented AstraZeneca randomized, blind, parallel-group 4-dose trial","Liver-function dose-response RCT","",
"Expanded","Agriculture","TukeyC::SPET","CRAN: TukeyC","1.4-0","GPL (>= 2)","yes",64,"64",0,FALSE,"0","tra (8: 7 legume cover crops + maize)",1,"continuous",FALSE,FALSE,"y","continuous","n/a",,,,,,,,,,,,,,,,,,,,,,,,,,,,,,,,,,,,,,,,"n/a","y (yield)","continuous","documented","Documented real agricultural-textbook randomized block design (Gomes 1990), 4 blocks x 2 years x 8 treatments","Legume cover-crop RCBD","",
"Expanded","Ecology","vegan::pyrifos","CRAN: vegan","2.7-1","GPL-2","no: GPL-2 only",132,"132",0,FALSE,"0","dose (0/0.1/0.9/6/44 ug/L insecticide)",0,"count",FALSE,FALSE,,,,,,,,,,,,,,,,,,,,,,,,,,,,,,,,,,,,,,,,,,,"n/a","all 178 taxon columns (log-transformed invertebrate abundances; no single primary taxon is named)","count","documented","Documented: twelve mesocosms allocated at random to treatments","Insecticide mesocosm ecotoxicology RCT","",
"Expanded","Public Health","VGAMdata::belcap","CRAN: VGAMdata","1.1-13","GPL-2","no: GPL-2 only",797,"797",0,FALSE,"0","school (6 treatments, cluster-randomized)",1,"count",FALSE,FALSE,"dmfte","count","n/a",,,,,,,,,,,,,,,,,,,,,,,,,,,,,,,,,,,,,,,,"n/a","dmfte","count","documented","Documented: six treatments randomized to six separate schools","BELCAP dental-caries cluster RCT","",
"Expanded","Medicine","WA::hfaction_cpx12","CRAN: WA","1.0","GPL (>= 2)","yes",741,"741",0,FALSE,"0","trt",1,"survival",FALSE,TRUE,"time/status","survival","right",,,,,,,,,,,,,,,,,,,,,,,,,,,,,,,,,,,,,,,,"right (assumed; standard administrative/loss-to-follow-up censoring for an RCT time-to-event endpoint unless the trial is documented otherwise -- not individually re-verified per trial in this pass)","time / status","survival","documented","Documented HF-ACTION randomized trial (O'Connor et al. 2009 JAMA)","HF-ACTION heart-failure exercise RCT (canonical; also appears reformatted as WR::hfaction_cpx9/non_ischemic, rmt::hfaction)","",
"Expanded","Agriculture","wgaim::phenoCxR","CRAN: wgaim","2.0-6","GPL (>= 2)","yes",200,"200",0,FALSE,"0","Type",2,"continuous",FALSE,FALSE,"shoot","continuous","n/a","znconc","continuous","n/a",,,,,,,,,,,,,,,,,,,,,,,,,,,,,,,,,,,,,"n/a","shoot, znconc","continuous","documented","Documented: randomly allocated to pots, randomised complete block design","Wheat glasshouse zinc RCBD","",
"Expanded","Agriculture","wgaim::phenoRxK","CRAN: wgaim","2.0-6","GPL (>= 2)","yes",520,"520",0,FALSE,"0","Genotype / Type",2,"continuous",FALSE,FALSE,"yld","continuous","n/a","tgw","continuous","n/a",,,,,,,,,,,,,,,,,,,,,,,,,,,,,,,,,,,,,"n/a","yld, tgw","continuous","documented","Documented: randomly allocated to 520 plots using a randomized complete block design","Wheat field RCBD","",
"Expanded","Agriculture","wgaim::phenoSxT","CRAN: wgaim","2.0-6","GPL (>= 2)","yes",456,"456",0,FALSE,"0","Type",1,"continuous",FALSE,FALSE,"myield","continuous","n/a",,,,,,,,,,,,,,,,,,,,,,,,,,,,,,,,,,,,,,,,"n/a","myield","continuous","documented","Documented two-phase randomized wheat field/milling trial","Two-phase wheat field/milling RCT","",
"Expanded","Economics","wooldridge::apple","CRAN: wooldridge","1.4-2","GPL-3","yes",660,"660",0,FALSE,"0","regprc / ecoprc",2,"continuous",FALSE,FALSE,"reglbs","continuous","n/a","ecolbs","continuous","n/a",,,,,,,,,,,,,,,,,,,,,,,,,,,,,,,,,,,,,"n/a","reglbs, ecolbs","continuous","documented","Documented: prices facing a family randomly determined, real experimental survey data","Eco-labeled-apple randomized-price survey experiment","",
"Expanded","Education","WRS2::electric","CRAN: WRS2","1.1-6","GPL-3","yes",192,"192",0,FALSE,"0","Group",1,"continuous",FALSE,FALSE,"Posttest","continuous","n/a",,,,,,,,,,,,,,,,,,,,,,,,,,,,,,,,,,,,,,,,"n/a","Posttest","continuous","documented","Documented classic Electric Company educational RCT (Gelman & Hill 2007)","Electric Company educational-TV RCT","",
"Expanded","Medicine","WWGbook::ratpup","CRAN: WWGbook","1.0.2","GPL (>= 2)","yes",322,"322",0,FALSE,"0","treatment (High/Low/Control dose)",1,"continuous",FALSE,FALSE,"weight","continuous","n/a",,,,,,,,,,,,,,,,,,,,,,,,,,,,,,,,,,,,,,,,"n/a","weight","continuous","documented","Documented: 30 female rats randomly assigned to receive one of three doses","Rat-pup dose-response RCT","",
"Expanded","Psychology","ICPSR_39316","ICPSR: study 39316 v2 (restricted-terms download)","v2","ICPSR terms of use (no redistribution)","no: ICPSR terms of use",379,"379",178,TRUE,"~178","CONDITION (control vs. intervention)",2,"continuous",FALSE,FALSE,"PHQ_DEPRESSION_T3","continuous","n/a","CRP_T3","continuous","n/a",,,,,,,,,,,,,,,,,,,,,,,,,,,,,,,,,,,,,"n/a","PHQ_DEPRESSION_T3, CRP_T3 (post-intervention depression score and C-reactive protein)","continuous","documented","Documented: randomized controlled trial (unequal 153 control / 226 intervention, as the randomized arms were built)","Mindset intervention for depression and immune dysregulation, United States, 2022-2023 (Stanford, Barrera et al.)","",
"Expanded","Criminology","ICPSR_3542","ICPSR: study 3542 v1 (restricted-terms download)","v1","ICPSR terms of use (no redistribution)","no: ICPSR terms of use",150,"150",690,TRUE,"~690 (wide item-level scales)","GROUP (intervention vs. control)",1,"incidence",TRUE,FALSE,"POOUT","incidence","n/a",,,,,,,,,,,,,,,,,,,,,,,,,,,,,,,,,,,,,,,,"n/a","POOUT (protective order obtained yes/no)","incidence","documented","Documented: two-group experimental design, randomized (75/75 balanced, per ICPSR study description)","Harris County, Texas (2001-02) collaborative health-care/criminal-justice intervention for domestic-violence victims with restraining-order cases","",
"Expanded","Economics","causalSLSE::nsw","CRAN: causalSLSE","0.4","GPL (>= 2)","yes",722,"722",6,FALSE,"6","treat (NSW job-training lottery)",1,"continuous",FALSE,FALSE,"re78","continuous","n/a",,,,,,,,,,,,,,,,,,,,,,,,,,,,,,,,,,,,,,,,"n/a","re78","continuous","documented","Documented: randomized NSW lottery (experimental sample, 297 treated / 425 control)","LaLonde (1986) / Dehejia-Wahba NSW experimental sample, real 1978 earnings outcome","",
"Expanded","Economics","causalweight::india","CRAN: causalweight","1.1.6","MIT + file LICENSE","yes",11089,"11,089",5,FALSE,"5","treat (RSBY health-insurance offer)",1,"continuous",FALSE,FALSE,"EXPhosp_1","continuous","n/a",,,,,,,,,,,,,,,,,,,,,,,,,,,,,,,,,,,,,,,,"n/a","EXPhosp_1 (926 NA)","continuous","documented","Documented: randomized evaluation of India's RSBY health-insurance program","Individual-level RSBY evaluation, hospitalization expenditure outcome","village_id",437
"Expanded","Economics","causalweight::wexpect","CRAN: causalweight","1.1.6","MIT + file LICENSE","yes",804,"804",37,FALSE,"37","treatmentinformation (randomized wage information yes/no)",1,"ordinal",FALSE,FALSE,"wexpect2","ordinal","n/a",,,,,,,,,,,,,,,,,,,,,,,,,,,,,,,,,,,,,,,,"n/a","wexpect2","ordinal","documented","Documented: randomized wage-information treatment for Swiss university students","Students' wage expectations after receiving or not receiving wage information","",
"Expanded","Education","causalweight::coffeeleaflet","CRAN: causalweight","1.1.6","MIT + file LICENSE","yes",522,"522",41,FALSE,"41","treatment (environmental-impact leaflet yes/no)",6,"ordinal",FALSE,FALSE,"awarewaste","ordinal","n/a","awarepesticide","ordinal","n/a","awaredeforestation","ordinal","n/a","awarewastewater","ordinal","n/a","awarebiodiversityloss","ordinal","n/a","awareunfairworking","ordinal","n/a",,,,,,,,,,,,,,,,,,,,,,,,,"n/a","awarewaste, awarepesticide, awaredeforestation, awarewastewater, awarebiodiversityloss, awareunfairworking","ordinal","documented","Documented: randomized leaflet assignment among Bulgarian high-school and university students","Environmental-awareness leaflet experiment; six Likert awareness outcomes (17-25 NA each)","",
"Expanded","Economics","causalweight::swissexper","CRAN: causalweight","1.1.6","MIT + file LICENSE","yes",2928,"2,928",15,FALSE,"15","female_appl (randomized applicant gender)",2,"incidence",TRUE,FALSE,"outcome_invite","incidence","n/a","outcome_interest","incidence","n/a",,,,,,,,,,,,,,,,,,,,,,,,,,,,,,,,,,,,,"n/a","outcome_invite, outcome_interest","incidence","documented","Documented: randomized correspondence test with fictitious applications","Swiss correspondence test; callback (invitation) and interest responses to applicant gender","",
"Expanded","Political science","DeepLearningCausal::exp_data_full","CRAN: DeepLearningCausal","0.0.107","GPL-3","yes",514,"514",14,FALSE,"14","strong_leader (randomized leader-strength vignette)",1,"incidence",TRUE,FALSE,"support_war","incidence","n/a",,,,,,,,,,,,,,,,,,,,,,,,,,,,,,,,,,,,,,,,"n/a","support_war","incidence","documented","Documented: randomized survey experiment on leader strength and support for war","Survey experiment, binary support-for-war outcome (full sample; exp_data is its first half)","",
"Expanded","Medicine","ClinicalTrialSummary::ggas","CRAN: ClinicalTrialSummary","1.1.1","GPL (>= 3)","yes",90,"90",0,FALSE,"0","group (control vs. treatment arm)",1,"survival",FALSE,TRUE,"time/event","survival","right",,,,,,,,,,,,,,,,,,,,,,,,,,,,,,,,,,,,,,,,"right (assumed; standard censoring for a randomized time-to-event trial)","time/event","survival","documented","Documented: randomized Gastrointestinal Tumor Study Group (1982) trial, 45 per arm","Gastrointestinal Tumor Study Group trial, survival time and event indicator","",
"Expanded","Political science","causaldata::black_politicians","CRAN: causaldata","0.1.4","MIT + file LICENSE","yes",5593,"5,593",12,FALSE,"12","treat_out (email sender out-of-district yes/no)",1,"incidence",TRUE,FALSE,"responded","incidence","n/a",,,,,,,,,,,,,,,,,,,,,,,,,,,,,,,,,,,,,,,,"n/a","responded","incidence","documented","Documented: randomized field experiment sending emails to state legislators (Broockman 2013)","Legislator response to emails from out-of-district senders, with legislator race as a moderator","",
